country,country_code,year,indicator,indicator_code,value,is_nigeria,period
Ghana,GHA,1960,GDP (current US$),NY.GDP.MKTP.CD,1217230094.97205,False,1960s
Ghana,GHA,1961,GDP (current US$),NY.GDP.MKTP.CD,1302674324.88378,False,1960s
Ghana,GHA,1962,GDP (current US$),NY.GDP.MKTP.CD,1382515654.47343,False,1960s
Ghana,GHA,1963,GDP (current US$),NY.GDP.MKTP.CD,1540797588.57221,False,1960s
Ghana,GHA,1964,GDP (current US$),NY.GDP.MKTP.CD,1731296199.52296,False,1960s
Ghana,GHA,1965,GDP (current US$),NY.GDP.MKTP.CD,2053462968.0426,False,1960s
Ghana,GHA,1966,GDP (current US$),NY.GDP.MKTP.CD,2126300672.22965,False,1960s
Ghana,GHA,1967,GDP (current US$),NY.GDP.MKTP.CD,1747187644.9031,False,1960s
Ghana,GHA,1968,GDP (current US$),NY.GDP.MKTP.CD,1666909517.65205,False,1960s
Ghana,GHA,1969,GDP (current US$),NY.GDP.MKTP.CD,1962050555.7775,False,1960s
Ghana,GHA,1970,GDP (current US$),NY.GDP.MKTP.CD,2215028588.45646,False,1970s
Ghana,GHA,1971,GDP (current US$),NY.GDP.MKTP.CD,2417108577.52739,False,1970s
Ghana,GHA,1972,GDP (current US$),NY.GDP.MKTP.CD,2112293279.98507,False,1970s
Ghana,GHA,1973,GDP (current US$),NY.GDP.MKTP.CD,3006766758.43977,False,1970s
Ghana,GHA,1974,GDP (current US$),NY.GDP.MKTP.CD,2894409937.8882,False,1970s
Ghana,GHA,1975,GDP (current US$),NY.GDP.MKTP.CD,2810106382.97872,False,1970s
Ghana,GHA,1976,GDP (current US$),NY.GDP.MKTP.CD,2765254237.28814,False,1970s
Ghana,GHA,1977,GDP (current US$),NY.GDP.MKTP.CD,3189428571.42857,False,1970s
Ghana,GHA,1978,GDP (current US$),NY.GDP.MKTP.CD,3662478184.99127,False,1970s
Ghana,GHA,1979,GDP (current US$),NY.GDP.MKTP.CD,4020227920.22792,False,1970s
Ghana,GHA,1980,GDP (current US$),NY.GDP.MKTP.CD,4445228215.76763,False,1980s
Ghana,GHA,1981,GDP (current US$),NY.GDP.MKTP.CD,4222441860.46512,False,1980s
Ghana,GHA,1982,GDP (current US$),NY.GDP.MKTP.CD,4035994397.7591,False,1980s
Ghana,GHA,1983,GDP (current US$),NY.GDP.MKTP.CD,4057275132.27513,False,1980s
Ghana,GHA,1984,GDP (current US$),NY.GDP.MKTP.CD,4412279843.44423,False,1980s
Ghana,GHA,1985,GDP (current US$),NY.GDP.MKTP.CD,4504306722.68908,False,1980s
Ghana,GHA,1986,GDP (current US$),NY.GDP.MKTP.CD,5735677433.82683,False,1980s
Ghana,GHA,1987,GDP (current US$),NY.GDP.MKTP.CD,5074829931.97279,False,1980s
Ghana,GHA,1988,GDP (current US$),NY.GDP.MKTP.CD,5197765031.64557,False,1980s
Ghana,GHA,1989,GDP (current US$),NY.GDP.MKTP.CD,5251858439.874,False,1980s
Ghana,GHA,1990,GDP (current US$),NY.GDP.MKTP.CD,5889106573.46088,False,1990s
Ghana,GHA,1991,GDP (current US$),NY.GDP.MKTP.CD,6603185267.79643,False,1990s
Ghana,GHA,1992,GDP (current US$),NY.GDP.MKTP.CD,6416103925.83267,False,1990s
Ghana,GHA,1993,GDP (current US$),NY.GDP.MKTP.CD,5968922939.37198,False,1990s
Ghana,GHA,1994,GDP (current US$),NY.GDP.MKTP.CD,5446383726.77047,False,1990s
Ghana,GHA,1995,GDP (current US$),NY.GDP.MKTP.CD,6464382807.67884,False,1990s
Ghana,GHA,1996,GDP (current US$),NY.GDP.MKTP.CD,6932991739.37767,False,1990s
Ghana,GHA,1997,GDP (current US$),NY.GDP.MKTP.CD,6891443192.24985,False,1990s
Ghana,GHA,1998,GDP (current US$),NY.GDP.MKTP.CD,7482069162.42008,False,1990s
Ghana,GHA,1999,GDP (current US$),NY.GDP.MKTP.CD,7718109982.26093,False,1990s
Ghana,GHA,2000,GDP (current US$),NY.GDP.MKTP.CD,4982850662.20851,False,2000s
Ghana,GHA,2001,GDP (current US$),NY.GDP.MKTP.CD,5314872854.4405,False,2000s
Ghana,GHA,2002,GDP (current US$),NY.GDP.MKTP.CD,6166197847.85031,False,2000s
Ghana,GHA,2003,GDP (current US$),NY.GDP.MKTP.CD,7632723555.66221,False,2000s
Ghana,GHA,2004,GDP (current US$),NY.GDP.MKTP.CD,8881417906.71432,False,2000s
Ghana,GHA,2005,GDP (current US$),NY.GDP.MKTP.CD,10744568381.4456,False,2000s
Ghana,GHA,2006,GDP (current US$),NY.GDP.MKTP.CD,20885037596.6963,False,2000s
Ghana,GHA,2007,GDP (current US$),NY.GDP.MKTP.CD,24827339138.4906,False,2000s
Ghana,GHA,2008,GDP (current US$),NY.GDP.MKTP.CD,28679383241.0729,False,2000s
Ghana,GHA,2009,GDP (current US$),NY.GDP.MKTP.CD,26048720005.5233,False,2000s
Ghana,GHA,2010,GDP (current US$),NY.GDP.MKTP.CD,32197655566.5347,False,2010s
Ghana,GHA,2011,GDP (current US$),NY.GDP.MKTP.CD,39336668080.559,False,2010s
Ghana,GHA,2012,GDP (current US$),NY.GDP.MKTP.CD,41271701060.954,False,2010s
Ghana,GHA,2013,GDP (current US$),NY.GDP.MKTP.CD,62845721959.827,False,2010s
Ghana,GHA,2014,GDP (current US$),NY.GDP.MKTP.CD,54678533805.9064,False,2010s
Ghana,GHA,2015,GDP (current US$),NY.GDP.MKTP.CD,49436806230.4839,False,2010s
Ghana,GHA,2016,GDP (current US$),NY.GDP.MKTP.CD,56144179397.8516,False,2010s
Ghana,GHA,2017,GDP (current US$),NY.GDP.MKTP.CD,60385409434.8567,False,2010s
Ghana,GHA,2018,GDP (current US$),NY.GDP.MKTP.CD,67259353965.6087,False,2010s
Ghana,GHA,2019,GDP (current US$),NY.GDP.MKTP.CD,68352629246.1555,False,2010s
Ghana,GHA,2020,GDP (current US$),NY.GDP.MKTP.CD,70008243859.8666,False,2020s
Ghana,GHA,2021,GDP (current US$),NY.GDP.MKTP.CD,79514204730.3979,False,2020s
Ghana,GHA,2022,GDP (current US$),NY.GDP.MKTP.CD,73919003212.1998,False,2020s
Ghana,GHA,2023,GDP (current US$),NY.GDP.MKTP.CD,80547146875.9526,False,2020s
Ghana,GHA,2024,GDP (current US$),NY.GDP.MKTP.CD,83288585604.0268,False,2020s
Ghana,GHA,2025,GDP (current US$),NY.GDP.MKTP.CD,114209905278.717,False,2020s
Ghana,GHA,1960,GDP per capita (current US$),NY.GDP.PCAP.CD,174.858856531804,False,1960s
Ghana,GHA,1961,GDP per capita (current US$),NY.GDP.PCAP.CD,181.870010833085,False,1960s
Ghana,GHA,1962,GDP per capita (current US$),NY.GDP.PCAP.CD,188.421016299893,False,1960s
Ghana,GHA,1963,GDP per capita (current US$),NY.GDP.PCAP.CD,205.037422391885,False,1960s
Ghana,GHA,1964,GDP per capita (current US$),NY.GDP.PCAP.CD,224.968154393354,False,1960s
Ghana,GHA,1965,GDP per capita (current US$),NY.GDP.PCAP.CD,260.50559523622,False,1960s
Ghana,GHA,1966,GDP per capita (current US$),NY.GDP.PCAP.CD,263.334589411514,False,1960s
Ghana,GHA,1967,GDP per capita (current US$),NY.GDP.PCAP.CD,211.219296540365,False,1960s
Ghana,GHA,1968,GDP per capita (current US$),NY.GDP.PCAP.CD,196.668571830464,False,1960s
Ghana,GHA,1969,GDP per capita (current US$),NY.GDP.PCAP.CD,225.772621963554,False,1960s
Ghana,GHA,1970,GDP per capita (current US$),NY.GDP.PCAP.CD,248.159869409818,False,1970s
Ghana,GHA,1971,GDP per capita (current US$),NY.GDP.PCAP.CD,263.408787882235,False,1970s
Ghana,GHA,1972,GDP per capita (current US$),NY.GDP.PCAP.CD,223.80286383233,False,1970s
Ghana,GHA,1973,GDP per capita (current US$),NY.GDP.PCAP.CD,309.509552300391,False,1970s
Ghana,GHA,1974,GDP per capita (current US$),NY.GDP.PCAP.CD,289.425856816508,False,1970s
Ghana,GHA,1975,GDP per capita (current US$),NY.GDP.PCAP.CD,272.976715188503,False,1970s
Ghana,GHA,1976,GDP per capita (current US$),NY.GDP.PCAP.CD,260.998295813107,False,1970s
Ghana,GHA,1977,GDP per capita (current US$),NY.GDP.PCAP.CD,292.28979809499,False,1970s
Ghana,GHA,1978,GDP per capita (current US$),NY.GDP.PCAP.CD,325.598476678233,False,1970s
Ghana,GHA,1979,GDP per capita (current US$),NY.GDP.PCAP.CD,346.653403777697,False,1970s
Ghana,GHA,1980,GDP per capita (current US$),NY.GDP.PCAP.CD,372.252026367961,False,1980s
Ghana,GHA,1981,GDP per capita (current US$),NY.GDP.PCAP.CD,343.799126739425,False,1980s
Ghana,GHA,1982,GDP per capita (current US$),NY.GDP.PCAP.CD,319.206910329791,False,1980s
Ghana,GHA,1983,GDP per capita (current US$),NY.GDP.PCAP.CD,311.383438154949,False,1980s
Ghana,GHA,1984,GDP per capita (current US$),NY.GDP.PCAP.CD,329.998888863111,False,1980s
Ghana,GHA,1985,GDP per capita (current US$),NY.GDP.PCAP.CD,329.714604937014,False,1980s
Ghana,GHA,1986,GDP per capita (current US$),NY.GDP.PCAP.CD,410.711658388611,False,1980s
Ghana,GHA,1987,GDP per capita (current US$),NY.GDP.PCAP.CD,355.153724919203,False,1980s
Ghana,GHA,1988,GDP per capita (current US$),NY.GDP.PCAP.CD,355.121844932881,False,1980s
Ghana,GHA,1989,GDP per capita (current US$),NY.GDP.PCAP.CD,349.964941914982,False,1980s
Ghana,GHA,1990,GDP per capita (current US$),NY.GDP.PCAP.CD,382.54246368354,False,1990s
Ghana,GHA,1991,GDP per capita (current US$),NY.GDP.PCAP.CD,418.254121349986,False,1990s
Ghana,GHA,1992,GDP per capita (current US$),NY.GDP.PCAP.CD,396.426407640517,False,1990s
Ghana,GHA,1993,GDP per capita (current US$),NY.GDP.PCAP.CD,359.800844097528,False,1990s
Ghana,GHA,1994,GDP per capita (current US$),NY.GDP.PCAP.CD,320.50390343252,False,1990s
Ghana,GHA,1995,GDP per capita (current US$),NY.GDP.PCAP.CD,371.537243033836,False,1990s
Ghana,GHA,1996,GDP per capita (current US$),NY.GDP.PCAP.CD,389.271267898831,False,1990s
Ghana,GHA,1997,GDP per capita (current US$),NY.GDP.PCAP.CD,377.841935501461,False,1990s
Ghana,GHA,1998,GDP per capita (current US$),NY.GDP.PCAP.CD,400.366799508524,False,1990s
Ghana,GHA,1999,GDP per capita (current US$),NY.GDP.PCAP.CD,403.037326127273,False,1990s
Ghana,GHA,2000,GDP per capita (current US$),NY.GDP.PCAP.CD,253.746936203344,False,2000s
Ghana,GHA,2001,GDP per capita (current US$),NY.GDP.PCAP.CD,263.542156494853,False,2000s
Ghana,GHA,2002,GDP per capita (current US$),NY.GDP.PCAP.CD,297.46164468774,False,2000s
Ghana,GHA,2003,GDP per capita (current US$),NY.GDP.PCAP.CD,358.39927142073,False,2000s
Ghana,GHA,2004,GDP per capita (current US$),NY.GDP.PCAP.CD,406.132105329565,False,2000s
Ghana,GHA,2005,GDP per capita (current US$),NY.GDP.PCAP.CD,478.611909191028,False,2000s
Ghana,GHA,2006,GDP per capita (current US$),NY.GDP.PCAP.CD,906.441027564887,False,2000s
Ghana,GHA,2007,GDP per capita (current US$),NY.GDP.PCAP.CD,1050.12461524926,False,2000s
Ghana,GHA,2008,GDP per capita (current US$),NY.GDP.PCAP.CD,1182.65761256016,False,2000s
Ghana,GHA,2009,GDP per capita (current US$),NY.GDP.PCAP.CD,1047.70430093586,False,2000s
Ghana,GHA,2010,GDP per capita (current US$),NY.GDP.PCAP.CD,1263.89251760539,False,2010s
Ghana,GHA,2011,GDP per capita (current US$),NY.GDP.PCAP.CD,1507.43573198753,False,2010s
Ghana,GHA,2012,GDP per capita (current US$),NY.GDP.PCAP.CD,1543.77524235764,False,2010s
Ghana,GHA,2013,GDP per capita (current US$),NY.GDP.PCAP.CD,2294.79584693743,False,2010s
Ghana,GHA,2014,GDP per capita (current US$),NY.GDP.PCAP.CD,1949.90832923846,False,2010s
Ghana,GHA,2015,GDP per capita (current US$),NY.GDP.PCAP.CD,1722.77282833606,False,2010s
Ghana,GHA,2016,GDP per capita (current US$),NY.GDP.PCAP.CD,1912.47991339951,False,2010s
Ghana,GHA,2017,GDP per capita (current US$),NY.GDP.PCAP.CD,2012.28662641265,False,2010s
Ghana,GHA,2018,GDP per capita (current US$),NY.GDP.PCAP.CD,2195.32166016377,False,2010s
Ghana,GHA,2019,GDP per capita (current US$),NY.GDP.PCAP.CD,2186.65822682613,False,2010s
Ghana,GHA,2020,GDP per capita (current US$),NY.GDP.PCAP.CD,2195.45481659987,False,2020s
Ghana,GHA,2021,GDP per capita (current US$),NY.GDP.PCAP.CD,2445.18662529344,False,2020s
Ghana,GHA,2022,GDP per capita (current US$),NY.GDP.PCAP.CD,2229.89122654479,False,2020s
Ghana,GHA,2023,GDP per capita (current US$),NY.GDP.PCAP.CD,2383.90410476221,False,2020s
Ghana,GHA,2024,GDP per capita (current US$),NY.GDP.PCAP.CD,2419.2518672482,False,2020s
Ghana,GHA,2025,GDP per capita (current US$),NY.GDP.PCAP.CD,3257.1588903576,False,2020s
Ghana,GHA,1960,Inflation,FP.CPI.TOTL.ZG,,False,1960s
Ghana,GHA,1961,Inflation,FP.CPI.TOTL.ZG,,False,1960s
Ghana,GHA,1962,Inflation,FP.CPI.TOTL.ZG,,False,1960s
Ghana,GHA,1963,Inflation,FP.CPI.TOTL.ZG,,False,1960s
Ghana,GHA,1964,Inflation,FP.CPI.TOTL.ZG,,False,1960s
Ghana,GHA,1965,Inflation,FP.CPI.TOTL.ZG,26.4447848490173,False,1960s
Ghana,GHA,1966,Inflation,FP.CPI.TOTL.ZG,13.2378854626539,False,1960s
Ghana,GHA,1967,Inflation,FP.CPI.TOTL.ZG,-8.42248589780283,False,1960s
Ghana,GHA,1968,Inflation,FP.CPI.TOTL.ZG,7.89473684210539,False,1960s
Ghana,GHA,1969,Inflation,FP.CPI.TOTL.ZG,7.31707316260125,False,1960s
Ghana,GHA,1970,Inflation,FP.CPI.TOTL.ZG,3.03030303053265,False,1970s
Ghana,GHA,1971,Inflation,FP.CPI.TOTL.ZG,9.55882353746772,False,1970s
Ghana,GHA,1972,Inflation,FP.CPI.TOTL.ZG,10.0671140939595,False,1970s
Ghana,GHA,1973,Inflation,FP.CPI.TOTL.ZG,17.6829268231711,False,1970s
Ghana,GHA,1974,Inflation,FP.CPI.TOTL.ZG,18.1347150268463,False,1970s
Ghana,GHA,1975,Inflation,FP.CPI.TOTL.ZG,29.8245614048168,False,1970s
Ghana,GHA,1976,Inflation,FP.CPI.TOTL.ZG,56.0810810829756,False,1970s
Ghana,GHA,1977,Inflation,FP.CPI.TOTL.ZG,116.450216453639,False,1970s
Ghana,GHA,1978,Inflation,FP.CPI.TOTL.ZG,73.091666667343,False,1970s
Ghana,GHA,1979,Inflation,FP.CPI.TOTL.ZG,54.4412883345616,False,1970s
Ghana,GHA,1980,Inflation,FP.CPI.TOTL.ZG,50.0701393436364,False,1980s
Ghana,GHA,1981,Inflation,FP.CPI.TOTL.ZG,116.503603996541,False,1980s
Ghana,GHA,1982,Inflation,FP.CPI.TOTL.ZG,22.2955664080893,False,1980s
Ghana,GHA,1983,Inflation,FP.CPI.TOTL.ZG,122.874514572592,False,1980s
Ghana,GHA,1984,Inflation,FP.CPI.TOTL.ZG,39.6653137947268,False,1980s
Ghana,GHA,1985,Inflation,FP.CPI.TOTL.ZG,10.3054406698295,False,1980s
Ghana,GHA,1986,Inflation,FP.CPI.TOTL.ZG,24.5654160765001,False,1980s
Ghana,GHA,1987,Inflation,FP.CPI.TOTL.ZG,39.8150678775363,False,1980s
Ghana,GHA,1988,Inflation,FP.CPI.TOTL.ZG,31.3592676264768,False,1980s
Ghana,GHA,1989,Inflation,FP.CPI.TOTL.ZG,25.2236920295825,False,1980s
Ghana,GHA,1990,Inflation,FP.CPI.TOTL.ZG,37.2590664855671,False,1990s
Ghana,GHA,1991,Inflation,FP.CPI.TOTL.ZG,18.0314390089849,False,1990s
Ghana,GHA,1992,Inflation,FP.CPI.TOTL.ZG,10.0561167448841,False,1990s
Ghana,GHA,1993,Inflation,FP.CPI.TOTL.ZG,24.9598424742497,False,1990s
Ghana,GHA,1994,Inflation,FP.CPI.TOTL.ZG,24.8702554369576,False,1990s
Ghana,GHA,1995,Inflation,FP.CPI.TOTL.ZG,59.4615536991446,False,1990s
Ghana,GHA,1996,Inflation,FP.CPI.TOTL.ZG,46.5610196762282,False,1990s
Ghana,GHA,1997,Inflation,FP.CPI.TOTL.ZG,27.8852086407527,False,1990s
Ghana,GHA,1998,Inflation,FP.CPI.TOTL.ZG,14.6241666666675,False,1990s
Ghana,GHA,1999,Inflation,FP.CPI.TOTL.ZG,4.86539785077528,False,1990s
Ghana,GHA,2000,Inflation,FP.CPI.TOTL.ZG,40.240933123914,False,2000s
Ghana,GHA,2001,Inflation,FP.CPI.TOTL.ZG,41.509496287803,False,2000s
Ghana,GHA,2002,Inflation,FP.CPI.TOTL.ZG,9.36093239560313,False,2000s
Ghana,GHA,2003,Inflation,FP.CPI.TOTL.ZG,29.7729797160384,False,2000s
Ghana,GHA,2004,Inflation,FP.CPI.TOTL.ZG,18.0427388232565,False,2000s
Ghana,GHA,2005,Inflation,FP.CPI.TOTL.ZG,15.4389920155908,False,2000s
Ghana,GHA,2006,Inflation,FP.CPI.TOTL.ZG,11.6791839392492,False,2000s
Ghana,GHA,2007,Inflation,FP.CPI.TOTL.ZG,10.7342665456292,False,2000s
Ghana,GHA,2008,Inflation,FP.CPI.TOTL.ZG,16.494639613412,False,2000s
Ghana,GHA,2009,Inflation,FP.CPI.TOTL.ZG,19.2469482220857,False,2000s
Ghana,GHA,2010,Inflation,FP.CPI.TOTL.ZG,10.7333898354915,False,2010s
Ghana,GHA,2011,Inflation,FP.CPI.TOTL.ZG,8.7284593709302,False,2010s
Ghana,GHA,2012,Inflation,FP.CPI.TOTL.ZG,11.1863409441067,False,2010s
Ghana,GHA,2013,Inflation,FP.CPI.TOTL.ZG,11.6661923071729,False,2010s
Ghana,GHA,2014,Inflation,FP.CPI.TOTL.ZG,15.4896160333318,False,2010s
Ghana,GHA,2015,Inflation,FP.CPI.TOTL.ZG,17.1499695007878,False,2010s
Ghana,GHA,2016,Inflation,FP.CPI.TOTL.ZG,17.4546347070868,False,2010s
Ghana,GHA,2017,Inflation,FP.CPI.TOTL.ZG,12.3719215507048,False,2010s
Ghana,GHA,2018,Inflation,FP.CPI.TOTL.ZG,7.80876516610703,False,2010s
Ghana,GHA,2019,Inflation,FP.CPI.TOTL.ZG,7.14364003330857,False,2010s
Ghana,GHA,2020,Inflation,FP.CPI.TOTL.ZG,9.88728956269944,False,2020s
Ghana,GHA,2021,Inflation,FP.CPI.TOTL.ZG,9.9710886750444,False,2020s
Ghana,GHA,2022,Inflation,FP.CPI.TOTL.ZG,31.2558951049016,False,2020s
Ghana,GHA,2023,Inflation,FP.CPI.TOTL.ZG,38.1069656296501,False,2020s
Ghana,GHA,2024,Inflation,FP.CPI.TOTL.ZG,22.8483281157842,False,2020s
Ghana,GHA,2025,Inflation,FP.CPI.TOTL.ZG,14.2046755548989,False,2020s
Ghana,GHA,1960,Internet users,IT.NET.USER.ZS,,False,1960s
Ghana,GHA,1961,Internet users,IT.NET.USER.ZS,,False,1960s
Ghana,GHA,1962,Internet users,IT.NET.USER.ZS,,False,1960s
Ghana,GHA,1963,Internet users,IT.NET.USER.ZS,,False,1960s
Ghana,GHA,1964,Internet users,IT.NET.USER.ZS,,False,1960s
Ghana,GHA,1965,Internet users,IT.NET.USER.ZS,,False,1960s
Ghana,GHA,1966,Internet users,IT.NET.USER.ZS,,False,1960s
Ghana,GHA,1967,Internet users,IT.NET.USER.ZS,,False,1960s
Ghana,GHA,1968,Internet users,IT.NET.USER.ZS,,False,1960s
Ghana,GHA,1969,Internet users,IT.NET.USER.ZS,,False,1960s
Ghana,GHA,1970,Internet users,IT.NET.USER.ZS,,False,1970s
Ghana,GHA,1971,Internet users,IT.NET.USER.ZS,,False,1970s
Ghana,GHA,1972,Internet users,IT.NET.USER.ZS,,False,1970s
Ghana,GHA,1973,Internet users,IT.NET.USER.ZS,,False,1970s
Ghana,GHA,1974,Internet users,IT.NET.USER.ZS,,False,1970s
Ghana,GHA,1975,Internet users,IT.NET.USER.ZS,,False,1970s
Ghana,GHA,1976,Internet users,IT.NET.USER.ZS,,False,1970s
Ghana,GHA,1977,Internet users,IT.NET.USER.ZS,,False,1970s
Ghana,GHA,1978,Internet users,IT.NET.USER.ZS,,False,1970s
Ghana,GHA,1979,Internet users,IT.NET.USER.ZS,,False,1970s
Ghana,GHA,1980,Internet users,IT.NET.USER.ZS,,False,1980s
Ghana,GHA,1981,Internet users,IT.NET.USER.ZS,,False,1980s
Ghana,GHA,1982,Internet users,IT.NET.USER.ZS,,False,1980s
Ghana,GHA,1983,Internet users,IT.NET.USER.ZS,,False,1980s
Ghana,GHA,1984,Internet users,IT.NET.USER.ZS,,False,1980s
Ghana,GHA,1985,Internet users,IT.NET.USER.ZS,,False,1980s
Ghana,GHA,1986,Internet users,IT.NET.USER.ZS,,False,1980s
Ghana,GHA,1987,Internet users,IT.NET.USER.ZS,,False,1980s
Ghana,GHA,1988,Internet users,IT.NET.USER.ZS,,False,1980s
Ghana,GHA,1989,Internet users,IT.NET.USER.ZS,,False,1980s
Ghana,GHA,1990,Internet users,IT.NET.USER.ZS,0.0,False,1990s
Ghana,GHA,1991,Internet users,IT.NET.USER.ZS,,False,1990s
Ghana,GHA,1992,Internet users,IT.NET.USER.ZS,,False,1990s
Ghana,GHA,1993,Internet users,IT.NET.USER.ZS,,False,1990s
Ghana,GHA,1994,Internet users,IT.NET.USER.ZS,,False,1990s
Ghana,GHA,1995,Internet users,IT.NET.USER.ZS,0.000348,False,1990s
Ghana,GHA,1996,Internet users,IT.NET.USER.ZS,0.00565,False,1990s
Ghana,GHA,1997,Internet users,IT.NET.USER.ZS,0.0275,False,1990s
Ghana,GHA,1998,Internet users,IT.NET.USER.ZS,0.0322,False,1990s
Ghana,GHA,1999,Internet users,IT.NET.USER.ZS,0.105,False,1990s
Ghana,GHA,2000,Internet users,IT.NET.USER.ZS,0.153615297625799,False,2000s
Ghana,GHA,2001,Internet users,IT.NET.USER.ZS,0.200008060324831,False,2000s
Ghana,GHA,2002,Internet users,IT.NET.USER.ZS,0.830284033818738,False,2000s
Ghana,GHA,2003,Internet users,IT.NET.USER.ZS,1.19305791098328,False,2000s
Ghana,GHA,2004,Internet users,IT.NET.USER.ZS,1.71679770389504,False,2000s
Ghana,GHA,2005,Internet users,IT.NET.USER.ZS,1.83119746104616,False,2000s
Ghana,GHA,2006,Internet users,IT.NET.USER.ZS,2.72317597313987,False,2000s
Ghana,GHA,2007,Internet users,IT.NET.USER.ZS,3.85,False,2000s
Ghana,GHA,2008,Internet users,IT.NET.USER.ZS,4.27,False,2000s
Ghana,GHA,2009,Internet users,IT.NET.USER.ZS,5.44,False,2000s
Ghana,GHA,2010,Internet users,IT.NET.USER.ZS,7.8,False,2010s
Ghana,GHA,2011,Internet users,IT.NET.USER.ZS,9.0,False,2010s
Ghana,GHA,2012,Internet users,IT.NET.USER.ZS,10.6,False,2010s
Ghana,GHA,2013,Internet users,IT.NET.USER.ZS,15.0,False,2010s
Ghana,GHA,2014,Internet users,IT.NET.USER.ZS,19.0,False,2010s
Ghana,GHA,2015,Internet users,IT.NET.USER.ZS,23.0,False,2010s
Ghana,GHA,2016,Internet users,IT.NET.USER.ZS,28.0,False,2010s
Ghana,GHA,2017,Internet users,IT.NET.USER.ZS,37.88420105,False,2010s
Ghana,GHA,2018,Internet users,IT.NET.USER.ZS,43.0,False,2010s
Ghana,GHA,2019,Internet users,IT.NET.USER.ZS,22.0732,False,2010s
Ghana,GHA,2020,Internet users,IT.NET.USER.ZS,62.51760101,False,2020s
Ghana,GHA,2021,Internet users,IT.NET.USER.ZS,68.6,False,2020s
Ghana,GHA,2022,Internet users,IT.NET.USER.ZS,69.91329956,False,2020s
Ghana,GHA,2023,Internet users,IT.NET.USER.ZS,70.67430115,False,2020s
Ghana,GHA,2024,Internet users,IT.NET.USER.ZS,72.17569733,False,2020s
Ghana,GHA,2025,Internet users,IT.NET.USER.ZS,,False,2020s
Ghana,GHA,1960,Life expectancy,SP.DYN.LE00.IN,46.942,False,1960s
Ghana,GHA,1961,Life expectancy,SP.DYN.LE00.IN,47.127,False,1960s
Ghana,GHA,1962,Life expectancy,SP.DYN.LE00.IN,47.335,False,1960s
Ghana,GHA,1963,Life expectancy,SP.DYN.LE00.IN,47.476,False,1960s
Ghana,GHA,1964,Life expectancy,SP.DYN.LE00.IN,47.637,False,1960s
Ghana,GHA,1965,Life expectancy,SP.DYN.LE00.IN,47.689,False,1960s
Ghana,GHA,1966,Life expectancy,SP.DYN.LE00.IN,47.708,False,1960s
Ghana,GHA,1967,Life expectancy,SP.DYN.LE00.IN,47.734,False,1960s
Ghana,GHA,1968,Life expectancy,SP.DYN.LE00.IN,47.758,False,1960s
Ghana,GHA,1969,Life expectancy,SP.DYN.LE00.IN,47.895,False,1960s
Ghana,GHA,1970,Life expectancy,SP.DYN.LE00.IN,47.888,False,1970s
Ghana,GHA,1971,Life expectancy,SP.DYN.LE00.IN,47.949,False,1970s
Ghana,GHA,1972,Life expectancy,SP.DYN.LE00.IN,48.274,False,1970s
Ghana,GHA,1973,Life expectancy,SP.DYN.LE00.IN,48.577,False,1970s
Ghana,GHA,1974,Life expectancy,SP.DYN.LE00.IN,48.918,False,1970s
Ghana,GHA,1975,Life expectancy,SP.DYN.LE00.IN,49.323,False,1970s
Ghana,GHA,1976,Life expectancy,SP.DYN.LE00.IN,49.732,False,1970s
Ghana,GHA,1977,Life expectancy,SP.DYN.LE00.IN,50.079,False,1970s
Ghana,GHA,1978,Life expectancy,SP.DYN.LE00.IN,50.461,False,1970s
Ghana,GHA,1979,Life expectancy,SP.DYN.LE00.IN,50.787,False,1970s
Ghana,GHA,1980,Life expectancy,SP.DYN.LE00.IN,51.059,False,1980s
Ghana,GHA,1981,Life expectancy,SP.DYN.LE00.IN,51.313,False,1980s
Ghana,GHA,1982,Life expectancy,SP.DYN.LE00.IN,51.425,False,1980s
Ghana,GHA,1983,Life expectancy,SP.DYN.LE00.IN,51.78,False,1980s
Ghana,GHA,1984,Life expectancy,SP.DYN.LE00.IN,52.232,False,1980s
Ghana,GHA,1985,Life expectancy,SP.DYN.LE00.IN,52.732,False,1980s
Ghana,GHA,1986,Life expectancy,SP.DYN.LE00.IN,53.276,False,1980s
Ghana,GHA,1987,Life expectancy,SP.DYN.LE00.IN,53.818,False,1980s
Ghana,GHA,1988,Life expectancy,SP.DYN.LE00.IN,54.396,False,1980s
Ghana,GHA,1989,Life expectancy,SP.DYN.LE00.IN,54.936,False,1980s
Ghana,GHA,1990,Life expectancy,SP.DYN.LE00.IN,55.395,False,1990s
Ghana,GHA,1991,Life expectancy,SP.DYN.LE00.IN,55.722,False,1990s
Ghana,GHA,1992,Life expectancy,SP.DYN.LE00.IN,56.055,False,1990s
Ghana,GHA,1993,Life expectancy,SP.DYN.LE00.IN,56.286,False,1990s
Ghana,GHA,1994,Life expectancy,SP.DYN.LE00.IN,56.234,False,1990s
Ghana,GHA,1995,Life expectancy,SP.DYN.LE00.IN,56.662,False,1990s
Ghana,GHA,1996,Life expectancy,SP.DYN.LE00.IN,56.957,False,1990s
Ghana,GHA,1997,Life expectancy,SP.DYN.LE00.IN,57.241,False,1990s
Ghana,GHA,1998,Life expectancy,SP.DYN.LE00.IN,57.525,False,1990s
Ghana,GHA,1999,Life expectancy,SP.DYN.LE00.IN,57.835,False,1990s
Ghana,GHA,2000,Life expectancy,SP.DYN.LE00.IN,58.139,False,2000s
Ghana,GHA,2001,Life expectancy,SP.DYN.LE00.IN,58.403,False,2000s
Ghana,GHA,2002,Life expectancy,SP.DYN.LE00.IN,58.709,False,2000s
Ghana,GHA,2003,Life expectancy,SP.DYN.LE00.IN,59.014,False,2000s
Ghana,GHA,2004,Life expectancy,SP.DYN.LE00.IN,59.316,False,2000s
Ghana,GHA,2005,Life expectancy,SP.DYN.LE00.IN,59.638,False,2000s
Ghana,GHA,2006,Life expectancy,SP.DYN.LE00.IN,59.975,False,2000s
Ghana,GHA,2007,Life expectancy,SP.DYN.LE00.IN,60.282,False,2000s
Ghana,GHA,2008,Life expectancy,SP.DYN.LE00.IN,60.578,False,2000s
Ghana,GHA,2009,Life expectancy,SP.DYN.LE00.IN,60.928,False,2000s
Ghana,GHA,2010,Life expectancy,SP.DYN.LE00.IN,61.297,False,2010s
Ghana,GHA,2011,Life expectancy,SP.DYN.LE00.IN,61.617,False,2010s
Ghana,GHA,2012,Life expectancy,SP.DYN.LE00.IN,61.995,False,2010s
Ghana,GHA,2013,Life expectancy,SP.DYN.LE00.IN,62.397,False,2010s
Ghana,GHA,2014,Life expectancy,SP.DYN.LE00.IN,62.832,False,2010s
Ghana,GHA,2015,Life expectancy,SP.DYN.LE00.IN,63.175,False,2010s
Ghana,GHA,2016,Life expectancy,SP.DYN.LE00.IN,63.522,False,2010s
Ghana,GHA,2017,Life expectancy,SP.DYN.LE00.IN,63.829,False,2010s
Ghana,GHA,2018,Life expectancy,SP.DYN.LE00.IN,64.138,False,2010s
Ghana,GHA,2019,Life expectancy,SP.DYN.LE00.IN,64.455,False,2010s
Ghana,GHA,2020,Life expectancy,SP.DYN.LE00.IN,64.309,False,2020s
Ghana,GHA,2021,Life expectancy,SP.DYN.LE00.IN,64.286,False,2020s
Ghana,GHA,2022,Life expectancy,SP.DYN.LE00.IN,65.246,False,2020s
Ghana,GHA,2023,Life expectancy,SP.DYN.LE00.IN,65.498,False,2020s
Ghana,GHA,2024,Life expectancy,SP.DYN.LE00.IN,65.695,False,2020s
Ghana,GHA,2025,Life expectancy,SP.DYN.LE00.IN,,False,2020s
Ghana,GHA,1960,Population,SP.POP.TOTL,6961215.0,False,1960s
Ghana,GHA,1961,Population,SP.POP.TOTL,7162667.0,False,1960s
Ghana,GHA,1962,Population,SP.POP.TOTL,7337375.0,False,1960s
Ghana,GHA,1963,Population,SP.POP.TOTL,7514714.0,False,1960s
Ghana,GHA,1964,Population,SP.POP.TOTL,7695739.0,False,1960s
Ghana,GHA,1965,Population,SP.POP.TOTL,7882606.0,False,1960s
Ghana,GHA,1966,Population,SP.POP.TOTL,8074521.0,False,1960s
Ghana,GHA,1967,Population,SP.POP.TOTL,8271913.0,False,1960s
Ghana,GHA,1968,Population,SP.POP.TOTL,8475729.0,False,1960s
Ghana,GHA,1969,Population,SP.POP.TOTL,8690383.0,False,1960s
Ghana,GHA,1970,Population,SP.POP.TOTL,8925813.0,False,1970s
Ghana,GHA,1971,Population,SP.POP.TOTL,9176264.0,False,1970s
Ghana,GHA,1972,Population,SP.POP.TOTL,9438187.0,False,1970s
Ghana,GHA,1973,Population,SP.POP.TOTL,9714617.0,False,1970s
Ghana,GHA,1974,Population,SP.POP.TOTL,10000523.0,False,1970s
Ghana,GHA,1975,Population,SP.POP.TOTL,10294308.0,False,1970s
Ghana,GHA,1976,Population,SP.POP.TOTL,10594913.0,False,1970s
Ghana,GHA,1977,Population,SP.POP.TOTL,10911871.0,False,1970s
Ghana,GHA,1978,Population,SP.POP.TOTL,11248450.0,False,1970s
Ghana,GHA,1979,Population,SP.POP.TOTL,11597255.0,False,1970s
Ghana,GHA,1980,Population,SP.POP.TOTL,11941448.0,False,1980s
Ghana,GHA,1981,Population,SP.POP.TOTL,12281712.0,False,1980s
Ghana,GHA,1982,Population,SP.POP.TOTL,12643819.0,False,1980s
Ghana,GHA,1983,Population,SP.POP.TOTL,13029836.0,False,1980s
Ghana,GHA,1984,Population,SP.POP.TOTL,13370590.0,False,1980s
Ghana,GHA,1985,Population,SP.POP.TOTL,13661229.0,False,1980s
Ghana,GHA,1986,Population,SP.POP.TOTL,13965217.0,False,1980s
Ghana,GHA,1987,Population,SP.POP.TOTL,14289108.0,False,1980s
Ghana,GHA,1988,Population,SP.POP.TOTL,14636568.0,False,1980s
Ghana,GHA,1989,Population,SP.POP.TOTL,15006813.0,False,1980s
Ghana,GHA,1990,Population,SP.POP.TOTL,15394648.0,False,1990s
Ghana,GHA,1991,Population,SP.POP.TOTL,15787496.0,False,1990s
Ghana,GHA,1992,Population,SP.POP.TOTL,16184855.0,False,1990s
Ghana,GHA,1993,Population,SP.POP.TOTL,16589519.0,False,1990s
Ghana,GHA,1994,Population,SP.POP.TOTL,16993190.0,False,1990s
Ghana,GHA,1995,Population,SP.POP.TOTL,17399017.0,False,1990s
Ghana,GHA,1996,Population,SP.POP.TOTL,17810181.0,False,1990s
Ghana,GHA,1997,Population,SP.POP.TOTL,18238958.0,False,1990s
Ghana,GHA,1998,Population,SP.POP.TOTL,18688036.0,False,1990s
Ghana,GHA,1999,Population,SP.POP.TOTL,19149864.0,False,1990s
Ghana,GHA,2000,Population,SP.POP.TOTL,19637087.0,False,2000s
Ghana,GHA,2001,Population,SP.POP.TOTL,20167069.0,False,2000s
Ghana,GHA,2002,Population,SP.POP.TOTL,20729388.0,False,2000s
Ghana,GHA,2003,Population,SP.POP.TOTL,21296705.0,False,2000s
Ghana,GHA,2004,Population,SP.POP.TOTL,21868298.0,False,2000s
Ghana,GHA,2005,Population,SP.POP.TOTL,22449438.0,False,2000s
Ghana,GHA,2006,Population,SP.POP.TOTL,23040702.0,False,2000s
Ghana,GHA,2007,Population,SP.POP.TOTL,23642279.0,False,2000s
Ghana,GHA,2008,Population,SP.POP.TOTL,24249946.0,False,2000s
Ghana,GHA,2009,Population,SP.POP.TOTL,24862664.0,False,2000s
Ghana,GHA,2010,Population,SP.POP.TOTL,25474995.0,False,2010s
Ghana,GHA,2011,Population,SP.POP.TOTL,26095088.0,False,2010s
Ghana,GHA,2012,Population,SP.POP.TOTL,26734268.0,False,2010s
Ghana,GHA,2013,Population,SP.POP.TOTL,27386193.0,False,2010s
Ghana,GHA,2014,Population,SP.POP.TOTL,28041592.0,False,2010s
Ghana,GHA,2015,Population,SP.POP.TOTL,28696068.0,False,2010s
Ghana,GHA,2016,Population,SP.POP.TOTL,29356742.0,False,2010s
Ghana,GHA,2017,Population,SP.POP.TOTL,30008354.0,False,2010s
Ghana,GHA,2018,Population,SP.POP.TOTL,30637585.0,False,2010s
Ghana,GHA,2019,Population,SP.POP.TOTL,31258945.0,False,2010s
Ghana,GHA,2020,Population,SP.POP.TOTL,31887809.0,False,2020s
Ghana,GHA,2021,Population,SP.POP.TOTL,32518665.0,False,2020s
Ghana,GHA,2022,Population,SP.POP.TOTL,33149152.0,False,2020s
Ghana,GHA,2023,Population,SP.POP.TOTL,33787914.0,False,2020s
Ghana,GHA,2024,Population,SP.POP.TOTL,34427414.0,False,2020s
Ghana,GHA,2025,Population,SP.POP.TOTL,35064272.0,False,2020s
Ghana,GHA,1960,Unemployment,SL.UEM.TOTL.ZS,,False,1960s
Ghana,GHA,1961,Unemployment,SL.UEM.TOTL.ZS,,False,1960s
Ghana,GHA,1962,Unemployment,SL.UEM.TOTL.ZS,,False,1960s
Ghana,GHA,1963,Unemployment,SL.UEM.TOTL.ZS,,False,1960s
Ghana,GHA,1964,Unemployment,SL.UEM.TOTL.ZS,,False,1960s
Ghana,GHA,1965,Unemployment,SL.UEM.TOTL.ZS,,False,1960s
Ghana,GHA,1966,Unemployment,SL.UEM.TOTL.ZS,,False,1960s
Ghana,GHA,1967,Unemployment,SL.UEM.TOTL.ZS,,False,1960s
Ghana,GHA,1968,Unemployment,SL.UEM.TOTL.ZS,,False,1960s
Ghana,GHA,1969,Unemployment,SL.UEM.TOTL.ZS,,False,1960s
Ghana,GHA,1970,Unemployment,SL.UEM.TOTL.ZS,,False,1970s
Ghana,GHA,1971,Unemployment,SL.UEM.TOTL.ZS,,False,1970s
Ghana,GHA,1972,Unemployment,SL.UEM.TOTL.ZS,,False,1970s
Ghana,GHA,1973,Unemployment,SL.UEM.TOTL.ZS,,False,1970s
Ghana,GHA,1974,Unemployment,SL.UEM.TOTL.ZS,,False,1970s
Ghana,GHA,1975,Unemployment,SL.UEM.TOTL.ZS,,False,1970s
Ghana,GHA,1976,Unemployment,SL.UEM.TOTL.ZS,,False,1970s
Ghana,GHA,1977,Unemployment,SL.UEM.TOTL.ZS,,False,1970s
Ghana,GHA,1978,Unemployment,SL.UEM.TOTL.ZS,,False,1970s
Ghana,GHA,1979,Unemployment,SL.UEM.TOTL.ZS,,False,1970s
Ghana,GHA,1980,Unemployment,SL.UEM.TOTL.ZS,,False,1980s
Ghana,GHA,1981,Unemployment,SL.UEM.TOTL.ZS,,False,1980s
Ghana,GHA,1982,Unemployment,SL.UEM.TOTL.ZS,,False,1980s
Ghana,GHA,1983,Unemployment,SL.UEM.TOTL.ZS,,False,1980s
Ghana,GHA,1984,Unemployment,SL.UEM.TOTL.ZS,,False,1980s
Ghana,GHA,1985,Unemployment,SL.UEM.TOTL.ZS,,False,1980s
Ghana,GHA,1986,Unemployment,SL.UEM.TOTL.ZS,,False,1980s
Ghana,GHA,1987,Unemployment,SL.UEM.TOTL.ZS,,False,1980s
Ghana,GHA,1988,Unemployment,SL.UEM.TOTL.ZS,,False,1980s
Ghana,GHA,1989,Unemployment,SL.UEM.TOTL.ZS,,False,1980s
Ghana,GHA,1990,Unemployment,SL.UEM.TOTL.ZS,,False,1990s
Ghana,GHA,1991,Unemployment,SL.UEM.TOTL.ZS,3.489,False,1990s
Ghana,GHA,1992,Unemployment,SL.UEM.TOTL.ZS,4.7,False,1990s
Ghana,GHA,1993,Unemployment,SL.UEM.TOTL.ZS,5.231,False,1990s
Ghana,GHA,1994,Unemployment,SL.UEM.TOTL.ZS,5.9,False,1990s
Ghana,GHA,1995,Unemployment,SL.UEM.TOTL.ZS,6.484,False,1990s
Ghana,GHA,1996,Unemployment,SL.UEM.TOTL.ZS,7.091,False,1990s
Ghana,GHA,1997,Unemployment,SL.UEM.TOTL.ZS,7.639,False,1990s
Ghana,GHA,1998,Unemployment,SL.UEM.TOTL.ZS,8.2,False,1990s
Ghana,GHA,1999,Unemployment,SL.UEM.TOTL.ZS,10.1,False,1990s
Ghana,GHA,2000,Unemployment,SL.UEM.TOTL.ZS,10.456,False,2000s
Ghana,GHA,2001,Unemployment,SL.UEM.TOTL.ZS,9.615,False,2000s
Ghana,GHA,2002,Unemployment,SL.UEM.TOTL.ZS,8.711,False,2000s
Ghana,GHA,2003,Unemployment,SL.UEM.TOTL.ZS,7.728,False,2000s
Ghana,GHA,2004,Unemployment,SL.UEM.TOTL.ZS,6.758,False,2000s
Ghana,GHA,2005,Unemployment,SL.UEM.TOTL.ZS,5.816,False,2000s
Ghana,GHA,2006,Unemployment,SL.UEM.TOTL.ZS,4.897,False,2000s
Ghana,GHA,2007,Unemployment,SL.UEM.TOTL.ZS,5.104,False,2000s
Ghana,GHA,2008,Unemployment,SL.UEM.TOTL.ZS,5.144,False,2000s
Ghana,GHA,2009,Unemployment,SL.UEM.TOTL.ZS,5.362,False,2000s
Ghana,GHA,2010,Unemployment,SL.UEM.TOTL.ZS,5.384,False,2010s
Ghana,GHA,2011,Unemployment,SL.UEM.TOTL.ZS,4.213,False,2010s
Ghana,GHA,2012,Unemployment,SL.UEM.TOTL.ZS,3.126,False,2010s
Ghana,GHA,2013,Unemployment,SL.UEM.TOTL.ZS,2.173,False,2010s
Ghana,GHA,2014,Unemployment,SL.UEM.TOTL.ZS,4.403,False,2010s
Ghana,GHA,2015,Unemployment,SL.UEM.TOTL.ZS,6.806,False,2010s
Ghana,GHA,2016,Unemployment,SL.UEM.TOTL.ZS,5.256,False,2010s
Ghana,GHA,2017,Unemployment,SL.UEM.TOTL.ZS,3.369,False,2010s
Ghana,GHA,2018,Unemployment,SL.UEM.TOTL.ZS,3.204,False,2010s
Ghana,GHA,2019,Unemployment,SL.UEM.TOTL.ZS,3.067,False,2010s
Ghana,GHA,2020,Unemployment,SL.UEM.TOTL.ZS,3.178,False,2020s
Ghana,GHA,2021,Unemployment,SL.UEM.TOTL.ZS,3.2,False,2020s
Ghana,GHA,2022,Unemployment,SL.UEM.TOTL.ZS,2.87,False,2020s
Ghana,GHA,2023,Unemployment,SL.UEM.TOTL.ZS,2.829,False,2020s
Ghana,GHA,2024,Unemployment,SL.UEM.TOTL.ZS,2.82,False,2020s
Ghana,GHA,2025,Unemployment,SL.UEM.TOTL.ZS,2.979,False,2020s
Kenya,KEN,1960,GDP (current US$),NY.GDP.MKTP.CD,791265459.493816,False,1960s
Kenya,KEN,1961,GDP (current US$),NY.GDP.MKTP.CD,792959472.816211,False,1960s
Kenya,KEN,1962,GDP (current US$),NY.GDP.MKTP.CD,868111400.75544,False,1960s
Kenya,KEN,1963,GDP (current US$),NY.GDP.MKTP.CD,926589349.36426,False,1960s
Kenya,KEN,1964,GDP (current US$),NY.GDP.MKTP.CD,998759334.496266,False,1960s
Kenya,KEN,1965,GDP (current US$),NY.GDP.MKTP.CD,997919320.832272,False,1960s
Kenya,KEN,1966,GDP (current US$),NY.GDP.MKTP.CD,1164519674.19213,False,1960s
Kenya,KEN,1967,GDP (current US$),NY.GDP.MKTP.CD,1232559506.9762,False,1960s
Kenya,KEN,1968,GDP (current US$),NY.GDP.MKTP.CD,1353295458.68182,False,1960s
Kenya,KEN,1969,GDP (current US$),NY.GDP.MKTP.CD,1458379416.64823,False,1960s
Kenya,KEN,1970,GDP (current US$),NY.GDP.MKTP.CD,1603447358.62106,False,1970s
Kenya,KEN,1971,GDP (current US$),NY.GDP.MKTP.CD,1778391288.64348,False,1970s
Kenya,KEN,1972,GDP (current US$),NY.GDP.MKTP.CD,2107279157.08834,False,1970s
Kenya,KEN,1973,GDP (current US$),NY.GDP.MKTP.CD,2509001324.34591,False,1970s
Kenya,KEN,1974,GDP (current US$),NY.GDP.MKTP.CD,2969958812.01648,False,1970s
Kenya,KEN,1975,GDP (current US$),NY.GDP.MKTP.CD,3259345083.26283,False,1970s
Kenya,KEN,1976,GDP (current US$),NY.GDP.MKTP.CD,3474542391.69992,False,1970s
Kenya,KEN,1977,GDP (current US$),NY.GDP.MKTP.CD,4494378764.32011,False,1970s
Kenya,KEN,1978,GDP (current US$),NY.GDP.MKTP.CD,5303735110.55151,False,1970s
Kenya,KEN,1979,GDP (current US$),NY.GDP.MKTP.CD,6234391113.46434,False,1970s
Kenya,KEN,1980,GDP (current US$),NY.GDP.MKTP.CD,7265315820.20777,False,1980s
Kenya,KEN,1981,GDP (current US$),NY.GDP.MKTP.CD,6854491705.88377,False,1980s
Kenya,KEN,1982,GDP (current US$),NY.GDP.MKTP.CD,6431579356.95926,False,1980s
Kenya,KEN,1983,GDP (current US$),NY.GDP.MKTP.CD,5979198313.76093,False,1980s
Kenya,KEN,1984,GDP (current US$),NY.GDP.MKTP.CD,6191437070.18411,False,1980s
Kenya,KEN,1985,GDP (current US$),NY.GDP.MKTP.CD,6135034213.78998,False,1980s
Kenya,KEN,1986,GDP (current US$),NY.GDP.MKTP.CD,7239126568.14092,False,1980s
Kenya,KEN,1987,GDP (current US$),NY.GDP.MKTP.CD,7970820369.2949,False,1980s
Kenya,KEN,1988,GDP (current US$),NY.GDP.MKTP.CD,8355380879.12955,False,1980s
Kenya,KEN,1989,GDP (current US$),NY.GDP.MKTP.CD,8283114514.17081,False,1980s
Kenya,KEN,1990,GDP (current US$),NY.GDP.MKTP.CD,8572359038.16958,False,1990s
Kenya,KEN,1991,GDP (current US$),NY.GDP.MKTP.CD,8151488783.19064,False,1990s
Kenya,KEN,1992,GDP (current US$),NY.GDP.MKTP.CD,8209120763.04955,False,1990s
Kenya,KEN,1993,GDP (current US$),NY.GDP.MKTP.CD,5751786642.55871,False,1990s
Kenya,KEN,1994,GDP (current US$),NY.GDP.MKTP.CD,7148148564.04239,False,1990s
Kenya,KEN,1995,GDP (current US$),NY.GDP.MKTP.CD,9046320255.40507,False,1990s
Kenya,KEN,1996,GDP (current US$),NY.GDP.MKTP.CD,12045865396.1323,False,1990s
Kenya,KEN,1997,GDP (current US$),NY.GDP.MKTP.CD,13115764358.2846,False,1990s
Kenya,KEN,1998,GDP (current US$),NY.GDP.MKTP.CD,14093998843.7334,False,1990s
Kenya,KEN,1999,GDP (current US$),NY.GDP.MKTP.CD,12896010459.3711,False,1990s
Kenya,KEN,2000,GDP (current US$),NY.GDP.MKTP.CD,12705350097.8044,False,2000s
Kenya,KEN,2001,GDP (current US$),NY.GDP.MKTP.CD,12986007425.8781,False,2000s
Kenya,KEN,2002,GDP (current US$),NY.GDP.MKTP.CD,13147736898.5176,False,2000s
Kenya,KEN,2003,GDP (current US$),NY.GDP.MKTP.CD,14904517649.8476,False,2000s
Kenya,KEN,2004,GDP (current US$),NY.GDP.MKTP.CD,16095337093.8366,False,2000s
Kenya,KEN,2005,GDP (current US$),NY.GDP.MKTP.CD,18737895512.7378,False,2000s
Kenya,KEN,2006,GDP (current US$),NY.GDP.MKTP.CD,25825512284.2891,False,2000s
Kenya,KEN,2007,GDP (current US$),NY.GDP.MKTP.CD,31958195182.2406,False,2000s
Kenya,KEN,2008,GDP (current US$),NY.GDP.MKTP.CD,35895153327.8497,False,2000s
Kenya,KEN,2009,GDP (current US$),NY.GDP.MKTP.CD,42347217912.9176,False,2000s
Kenya,KEN,2010,GDP (current US$),NY.GDP.MKTP.CD,45405615063.7551,False,2010s
Kenya,KEN,2011,GDP (current US$),NY.GDP.MKTP.CD,46869473150.61,False,2010s
Kenya,KEN,2012,GDP (current US$),NY.GDP.MKTP.CD,56396704671.5777,False,2010s
Kenya,KEN,2013,GDP (current US$),NY.GDP.MKTP.CD,61671440407.8387,False,2010s
Kenya,KEN,2014,GDP (current US$),NY.GDP.MKTP.CD,68285796514.2896,False,2010s
Kenya,KEN,2015,GDP (current US$),NY.GDP.MKTP.CD,70120446896.8359,False,2010s
Kenya,KEN,2016,GDP (current US$),NY.GDP.MKTP.CD,74815144163.8931,False,2010s
Kenya,KEN,2017,GDP (current US$),NY.GDP.MKTP.CD,82036510877.2599,False,2010s
Kenya,KEN,2018,GDP (current US$),NY.GDP.MKTP.CD,92202979985.2863,False,2010s
Kenya,KEN,2019,GDP (current US$),NY.GDP.MKTP.CD,100378436207.371,False,2010s
Kenya,KEN,2020,GDP (current US$),NY.GDP.MKTP.CD,100657505750.545,False,2020s
Kenya,KEN,2021,GDP (current US$),NY.GDP.MKTP.CD,109703658904.994,False,2020s
Kenya,KEN,2022,GDP (current US$),NY.GDP.MKTP.CD,114448978152.637,False,2020s
Kenya,KEN,2023,GDP (current US$),NY.GDP.MKTP.CD,107500884685.013,False,2020s
Kenya,KEN,2024,GDP (current US$),NY.GDP.MKTP.CD,120397537849.826,False,2020s
Kenya,KEN,2025,GDP (current US$),NY.GDP.MKTP.CD,135941278878.815,False,2020s
Kenya,KEN,1960,GDP per capita (current US$),NY.GDP.PCAP.CD,102.824417465582,False,1960s
Kenya,KEN,1961,GDP per capita (current US$),NY.GDP.PCAP.CD,99.2716957068382,False,1960s
Kenya,KEN,1962,GDP per capita (current US$),NY.GDP.PCAP.CD,104.600455936259,False,1960s
Kenya,KEN,1963,GDP per capita (current US$),NY.GDP.PCAP.CD,107.393655978243,False,1960s
Kenya,KEN,1964,GDP per capita (current US$),NY.GDP.PCAP.CD,111.300544823892,False,1960s
Kenya,KEN,1965,GDP per capita (current US$),NY.GDP.PCAP.CD,106.865601340262,False,1960s
Kenya,KEN,1966,GDP per capita (current US$),NY.GDP.PCAP.CD,119.833476389359,False,1960s
Kenya,KEN,1967,GDP per capita (current US$),NY.GDP.PCAP.CD,121.90214207834,False,1960s
Kenya,KEN,1968,GDP per capita (current US$),NY.GDP.PCAP.CD,128.654646882243,False,1960s
Kenya,KEN,1969,GDP per capita (current US$),NY.GDP.PCAP.CD,133.310793093247,False,1960s
Kenya,KEN,1970,GDP per capita (current US$),NY.GDP.PCAP.CD,141.039390962597,False,1970s
Kenya,KEN,1971,GDP per capita (current US$),NY.GDP.PCAP.CD,150.852979093178,False,1970s
Kenya,KEN,1972,GDP per capita (current US$),NY.GDP.PCAP.CD,172.642044778441,False,1970s
Kenya,KEN,1973,GDP per capita (current US$),NY.GDP.PCAP.CD,198.578083872556,False,1970s
Kenya,KEN,1974,GDP per capita (current US$),NY.GDP.PCAP.CD,227.233442066411,False,1970s
Kenya,KEN,1975,GDP per capita (current US$),NY.GDP.PCAP.CD,241.224426147057,False,1970s
Kenya,KEN,1976,GDP per capita (current US$),NY.GDP.PCAP.CD,248.935108198575,False,1970s
Kenya,KEN,1977,GDP per capita (current US$),NY.GDP.PCAP.CD,311.48625291648,False,1970s
Kenya,KEN,1978,GDP per capita (current US$),NY.GDP.PCAP.CD,355.141982232607,False,1970s
Kenya,KEN,1979,GDP per capita (current US$),NY.GDP.PCAP.CD,403.242079834358,False,1970s
Kenya,KEN,1980,GDP per capita (current US$),NY.GDP.PCAP.CD,453.558973444809,False,1980s
Kenya,KEN,1981,GDP per capita (current US$),NY.GDP.PCAP.CD,412.883704225392,False,1980s
Kenya,KEN,1982,GDP per capita (current US$),NY.GDP.PCAP.CD,373.794835688888,False,1980s
Kenya,KEN,1983,GDP per capita (current US$),NY.GDP.PCAP.CD,335.037151735189,False,1980s
Kenya,KEN,1984,GDP per capita (current US$),NY.GDP.PCAP.CD,334.40283575753,False,1980s
Kenya,KEN,1985,GDP per capita (current US$),NY.GDP.PCAP.CD,319.503611010714,False,1980s
Kenya,KEN,1986,GDP per capita (current US$),NY.GDP.PCAP.CD,363.745117772717,False,1980s
Kenya,KEN,1987,GDP per capita (current US$),NY.GDP.PCAP.CD,386.630929992512,False,1980s
Kenya,KEN,1988,GDP per capita (current US$),NY.GDP.PCAP.CD,391.238771204282,False,1980s
Kenya,KEN,1989,GDP per capita (current US$),NY.GDP.PCAP.CD,374.489193682103,False,1980s
Kenya,KEN,1990,GDP per capita (current US$),NY.GDP.PCAP.CD,374.458992895562,False,1990s
Kenya,KEN,1991,GDP per capita (current US$),NY.GDP.PCAP.CD,344.722642127742,False,1990s
Kenya,KEN,1992,GDP per capita (current US$),NY.GDP.PCAP.CD,336.68139978696,False,1990s
Kenya,KEN,1993,GDP per capita (current US$),NY.GDP.PCAP.CD,228.998032843434,False,1990s
Kenya,KEN,1994,GDP per capita (current US$),NY.GDP.PCAP.CD,276.447871981244,False,1990s
Kenya,KEN,1995,GDP per capita (current US$),NY.GDP.PCAP.CD,340.064842175429,False,1990s
Kenya,KEN,1996,GDP per capita (current US$),NY.GDP.PCAP.CD,440.527078880876,False,1990s
Kenya,KEN,1997,GDP per capita (current US$),NY.GDP.PCAP.CD,466.723814611399,False,1990s
Kenya,KEN,1998,GDP per capita (current US$),NY.GDP.PCAP.CD,487.883239905452,False,1990s
Kenya,KEN,1999,GDP per capita (current US$),NY.GDP.PCAP.CD,433.721235701305,False,1990s
Kenya,KEN,2000,GDP per capita (current US$),NY.GDP.PCAP.CD,414.626365130846,False,2000s
Kenya,KEN,2001,GDP per capita (current US$),NY.GDP.PCAP.CD,410.700452474814,False,2000s
Kenya,KEN,2002,GDP per capita (current US$),NY.GDP.PCAP.CD,402.936385605382,False,2000s
Kenya,KEN,2003,GDP per capita (current US$),NY.GDP.PCAP.CD,442.898457253405,False,2000s
Kenya,KEN,2004,GDP per capita (current US$),NY.GDP.PCAP.CD,463.662781300121,False,2000s
Kenya,KEN,2005,GDP per capita (current US$),NY.GDP.PCAP.CD,523.456312433863,False,2000s
Kenya,KEN,2006,GDP per capita (current US$),NY.GDP.PCAP.CD,699.80237063381,False,2000s
Kenya,KEN,2007,GDP per capita (current US$),NY.GDP.PCAP.CD,840.201439476765,False,2000s
Kenya,KEN,2008,GDP per capita (current US$),NY.GDP.PCAP.CD,915.54435473604,False,2000s
Kenya,KEN,2009,GDP per capita (current US$),NY.GDP.PCAP.CD,1047.9678324485,False,2000s
Kenya,KEN,2010,GDP per capita (current US$),NY.GDP.PCAP.CD,1091.51873101194,False,2010s
Kenya,KEN,2011,GDP per capita (current US$),NY.GDP.PCAP.CD,1096.14499807675,False,2010s
Kenya,KEN,2012,GDP per capita (current US$),NY.GDP.PCAP.CD,1285.00536171512,False,2010s
Kenya,KEN,2013,GDP per capita (current US$),NY.GDP.PCAP.CD,1370.87885214659,False,2010s
Kenya,KEN,2014,GDP per capita (current US$),NY.GDP.PCAP.CD,1482.81566253497,False,2010s
Kenya,KEN,2015,GDP per capita (current US$),NY.GDP.PCAP.CD,1489.11959777284,False,2010s
Kenya,KEN,2016,GDP per capita (current US$),NY.GDP.PCAP.CD,1554.12610314423,False,2010s
Kenya,KEN,2017,GDP per capita (current US$),NY.GDP.PCAP.CD,1667.48447230835,False,2010s
Kenya,KEN,2018,GDP per capita (current US$),NY.GDP.PCAP.CD,1836.45275528993,False,2010s
Kenya,KEN,2019,GDP per capita (current US$),NY.GDP.PCAP.CD,1960.40808854893,False,2010s
Kenya,KEN,2020,GDP per capita (current US$),NY.GDP.PCAP.CD,1927.66459027849,False,2020s
Kenya,KEN,2021,GDP per capita (current US$),NY.GDP.PCAP.CD,2061.35622089594,False,2020s
Kenya,KEN,2022,GDP per capita (current US$),NY.GDP.PCAP.CD,2109.56288513137,False,2020s
Kenya,KEN,2023,GDP per capita (current US$),NY.GDP.PCAP.CD,1942.58802756191,False,2020s
Kenya,KEN,2024,GDP per capita (current US$),NY.GDP.PCAP.CD,2133.46193404026,False,2020s
Kenya,KEN,2025,GDP per capita (current US$),NY.GDP.PCAP.CD,2362.86091198611,False,2020s
Kenya,KEN,1960,Inflation,FP.CPI.TOTL.ZG,1.24378109452731,False,1960s
Kenya,KEN,1961,Inflation,FP.CPI.TOTL.ZG,2.45700245700254,False,1960s
Kenya,KEN,1962,Inflation,FP.CPI.TOTL.ZG,3.11750599520378,False,1960s
Kenya,KEN,1963,Inflation,FP.CPI.TOTL.ZG,0.697674418604589,False,1960s
Kenya,KEN,1964,Inflation,FP.CPI.TOTL.ZG,-0.0993048669314341,False,1960s
Kenya,KEN,1965,Inflation,FP.CPI.TOTL.ZG,3.57852882806742,False,1960s
Kenya,KEN,1966,Inflation,FP.CPI.TOTL.ZG,5.01439539323414,False,1960s
Kenya,KEN,1967,Inflation,FP.CPI.TOTL.ZG,1.75919579598299,False,1960s
Kenya,KEN,1968,Inflation,FP.CPI.TOTL.ZG,0.366711570051019,False,1960s
Kenya,KEN,1969,Inflation,FP.CPI.TOTL.ZG,-0.17150100656233,False,1960s
Kenya,KEN,1970,Inflation,FP.CPI.TOTL.ZG,2.18852703907439,False,1970s
Kenya,KEN,1971,Inflation,FP.CPI.TOTL.ZG,3.78020612544907,False,1970s
Kenya,KEN,1972,Inflation,FP.CPI.TOTL.ZG,5.83164474311005,False,1970s
Kenya,KEN,1973,Inflation,FP.CPI.TOTL.ZG,9.28119422332106,False,1970s
Kenya,KEN,1974,Inflation,FP.CPI.TOTL.ZG,17.8099480331818,False,1970s
Kenya,KEN,1975,Inflation,FP.CPI.TOTL.ZG,19.1201840136051,False,1970s
Kenya,KEN,1976,Inflation,FP.CPI.TOTL.ZG,11.4490304932756,False,1970s
Kenya,KEN,1977,Inflation,FP.CPI.TOTL.ZG,14.8209644818935,False,1970s
Kenya,KEN,1978,Inflation,FP.CPI.TOTL.ZG,16.9317824582842,False,1970s
Kenya,KEN,1979,Inflation,FP.CPI.TOTL.ZG,7.97935261848786,False,1970s
Kenya,KEN,1980,Inflation,FP.CPI.TOTL.ZG,13.8581814562484,False,1980s
Kenya,KEN,1981,Inflation,FP.CPI.TOTL.ZG,11.6030534351142,False,1980s
Kenya,KEN,1982,Inflation,FP.CPI.TOTL.ZG,20.6667146662827,False,1980s
Kenya,KEN,1983,Inflation,FP.CPI.TOTL.ZG,11.3977827368523,False,1980s
Kenya,KEN,1984,Inflation,FP.CPI.TOTL.ZG,10.284098213138,False,1980s
Kenya,KEN,1985,Inflation,FP.CPI.TOTL.ZG,13.0065664218827,False,1980s
Kenya,KEN,1986,Inflation,FP.CPI.TOTL.ZG,2.53427598892888,False,1980s
Kenya,KEN,1987,Inflation,FP.CPI.TOTL.ZG,8.63767318980084,False,1980s
Kenya,KEN,1988,Inflation,FP.CPI.TOTL.ZG,12.2649630481582,False,1980s
Kenya,KEN,1989,Inflation,FP.CPI.TOTL.ZG,13.7893172763883,False,1980s
Kenya,KEN,1990,Inflation,FP.CPI.TOTL.ZG,17.78181442992,False,1990s
Kenya,KEN,1991,Inflation,FP.CPI.TOTL.ZG,20.0844955754632,False,1990s
Kenya,KEN,1992,Inflation,FP.CPI.TOTL.ZG,27.3323644475784,False,1990s
Kenya,KEN,1993,Inflation,FP.CPI.TOTL.ZG,45.9788813036218,False,1990s
Kenya,KEN,1994,Inflation,FP.CPI.TOTL.ZG,28.8143894306731,False,1990s
Kenya,KEN,1995,Inflation,FP.CPI.TOTL.ZG,1.55432816055009,False,1990s
Kenya,KEN,1996,Inflation,FP.CPI.TOTL.ZG,8.86408741577522,False,1990s
Kenya,KEN,1997,Inflation,FP.CPI.TOTL.ZG,11.3618450505783,False,1990s
Kenya,KEN,1998,Inflation,FP.CPI.TOTL.ZG,6.72243650753928,False,1990s
Kenya,KEN,1999,Inflation,FP.CPI.TOTL.ZG,5.74200109520484,False,1990s
Kenya,KEN,2000,Inflation,FP.CPI.TOTL.ZG,9.98002515350979,False,2000s
Kenya,KEN,2001,Inflation,FP.CPI.TOTL.ZG,5.73859814341467,False,2000s
Kenya,KEN,2002,Inflation,FP.CPI.TOTL.ZG,1.96130821739162,False,2000s
Kenya,KEN,2003,Inflation,FP.CPI.TOTL.ZG,9.81569062979654,False,2000s
Kenya,KEN,2004,Inflation,FP.CPI.TOTL.ZG,11.6240355442426,False,2000s
Kenya,KEN,2005,Inflation,FP.CPI.TOTL.ZG,10.3127783574683,False,2000s
Kenya,KEN,2006,Inflation,FP.CPI.TOTL.ZG,14.4537342081708,False,2000s
Kenya,KEN,2007,Inflation,FP.CPI.TOTL.ZG,9.75888023027529,False,2000s
Kenya,KEN,2008,Inflation,FP.CPI.TOTL.ZG,26.2398166445063,False,2000s
Kenya,KEN,2009,Inflation,FP.CPI.TOTL.ZG,9.23412592394652,False,2000s
Kenya,KEN,2010,Inflation,FP.CPI.TOTL.ZG,3.96138889115385,False,2010s
Kenya,KEN,2011,Inflation,FP.CPI.TOTL.ZG,14.0224913014704,False,2010s
Kenya,KEN,2012,Inflation,FP.CPI.TOTL.ZG,9.37777003547598,False,2010s
Kenya,KEN,2013,Inflation,FP.CPI.TOTL.ZG,5.71749357037733,False,2010s
Kenya,KEN,2014,Inflation,FP.CPI.TOTL.ZG,6.87815499275949,False,2010s
Kenya,KEN,2015,Inflation,FP.CPI.TOTL.ZG,6.58215429284779,False,2010s
Kenya,KEN,2016,Inflation,FP.CPI.TOTL.ZG,6.29724953814625,False,2010s
Kenya,KEN,2017,Inflation,FP.CPI.TOTL.ZG,8.00564967709945,False,2010s
Kenya,KEN,2018,Inflation,FP.CPI.TOTL.ZG,4.6898064677633,False,2010s
Kenya,KEN,2019,Inflation,FP.CPI.TOTL.ZG,5.23963795764792,False,2010s
Kenya,KEN,2020,Inflation,FP.CPI.TOTL.ZG,5.40516207933392,False,2020s
Kenya,KEN,2021,Inflation,FP.CPI.TOTL.ZG,6.10793603659176,False,2020s
Kenya,KEN,2022,Inflation,FP.CPI.TOTL.ZG,7.65986268272224,False,2020s
Kenya,KEN,2023,Inflation,FP.CPI.TOTL.ZG,7.67139634029402,False,2020s
Kenya,KEN,2024,Inflation,FP.CPI.TOTL.ZG,4.48978854243448,False,2020s
Kenya,KEN,2025,Inflation,FP.CPI.TOTL.ZG,4.06912878540729,False,2020s
Kenya,KEN,1960,Internet users,IT.NET.USER.ZS,,False,1960s
Kenya,KEN,1961,Internet users,IT.NET.USER.ZS,,False,1960s
Kenya,KEN,1962,Internet users,IT.NET.USER.ZS,,False,1960s
Kenya,KEN,1963,Internet users,IT.NET.USER.ZS,,False,1960s
Kenya,KEN,1964,Internet users,IT.NET.USER.ZS,,False,1960s
Kenya,KEN,1965,Internet users,IT.NET.USER.ZS,,False,1960s
Kenya,KEN,1966,Internet users,IT.NET.USER.ZS,,False,1960s
Kenya,KEN,1967,Internet users,IT.NET.USER.ZS,,False,1960s
Kenya,KEN,1968,Internet users,IT.NET.USER.ZS,,False,1960s
Kenya,KEN,1969,Internet users,IT.NET.USER.ZS,,False,1960s
Kenya,KEN,1970,Internet users,IT.NET.USER.ZS,,False,1970s
Kenya,KEN,1971,Internet users,IT.NET.USER.ZS,,False,1970s
Kenya,KEN,1972,Internet users,IT.NET.USER.ZS,,False,1970s
Kenya,KEN,1973,Internet users,IT.NET.USER.ZS,,False,1970s
Kenya,KEN,1974,Internet users,IT.NET.USER.ZS,,False,1970s
Kenya,KEN,1975,Internet users,IT.NET.USER.ZS,,False,1970s
Kenya,KEN,1976,Internet users,IT.NET.USER.ZS,,False,1970s
Kenya,KEN,1977,Internet users,IT.NET.USER.ZS,,False,1970s
Kenya,KEN,1978,Internet users,IT.NET.USER.ZS,,False,1970s
Kenya,KEN,1979,Internet users,IT.NET.USER.ZS,,False,1970s
Kenya,KEN,1980,Internet users,IT.NET.USER.ZS,,False,1980s
Kenya,KEN,1981,Internet users,IT.NET.USER.ZS,,False,1980s
Kenya,KEN,1982,Internet users,IT.NET.USER.ZS,,False,1980s
Kenya,KEN,1983,Internet users,IT.NET.USER.ZS,,False,1980s
Kenya,KEN,1984,Internet users,IT.NET.USER.ZS,,False,1980s
Kenya,KEN,1985,Internet users,IT.NET.USER.ZS,,False,1980s
Kenya,KEN,1986,Internet users,IT.NET.USER.ZS,,False,1980s
Kenya,KEN,1987,Internet users,IT.NET.USER.ZS,,False,1980s
Kenya,KEN,1988,Internet users,IT.NET.USER.ZS,,False,1980s
Kenya,KEN,1989,Internet users,IT.NET.USER.ZS,,False,1980s
Kenya,KEN,1990,Internet users,IT.NET.USER.ZS,0.0,False,1990s
Kenya,KEN,1991,Internet users,IT.NET.USER.ZS,,False,1990s
Kenya,KEN,1992,Internet users,IT.NET.USER.ZS,,False,1990s
Kenya,KEN,1993,Internet users,IT.NET.USER.ZS,,False,1990s
Kenya,KEN,1994,Internet users,IT.NET.USER.ZS,,False,1990s
Kenya,KEN,1995,Internet users,IT.NET.USER.ZS,0.000727,False,1990s
Kenya,KEN,1996,Internet users,IT.NET.USER.ZS,0.00884,False,1990s
Kenya,KEN,1997,Internet users,IT.NET.USER.ZS,0.0344,False,1990s
Kenya,KEN,1998,Internet users,IT.NET.USER.ZS,0.0503,False,1990s
Kenya,KEN,1999,Internet users,IT.NET.USER.ZS,0.114,False,1990s
Kenya,KEN,2000,Internet users,IT.NET.USER.ZS,0.318059713612037,False,2000s
Kenya,KEN,2001,Internet users,IT.NET.USER.ZS,0.619782266151425,False,2000s
Kenya,KEN,2002,Internet users,IT.NET.USER.ZS,1.20777388492125,False,2000s
Kenya,KEN,2003,Internet users,IT.NET.USER.ZS,2.94190286101524,False,2000s
Kenya,KEN,2004,Internet users,IT.NET.USER.ZS,3.0235280420962,False,2000s
Kenya,KEN,2005,Internet users,IT.NET.USER.ZS,3.101900101,False,2000s
Kenya,KEN,2006,Internet users,IT.NET.USER.ZS,3.599999905,False,2000s
Kenya,KEN,2007,Internet users,IT.NET.USER.ZS,4.400000095,False,2000s
Kenya,KEN,2008,Internet users,IT.NET.USER.ZS,5.199999809,False,2000s
Kenya,KEN,2009,Internet users,IT.NET.USER.ZS,6.1,False,2000s
Kenya,KEN,2010,Internet users,IT.NET.USER.ZS,7.2,False,2010s
Kenya,KEN,2011,Internet users,IT.NET.USER.ZS,8.800000191,False,2010s
Kenya,KEN,2012,Internet users,IT.NET.USER.ZS,10.5,False,2010s
Kenya,KEN,2013,Internet users,IT.NET.USER.ZS,13.0,False,2010s
Kenya,KEN,2014,Internet users,IT.NET.USER.ZS,16.5,False,2010s
Kenya,KEN,2015,Internet users,IT.NET.USER.ZS,16.5878548475992,False,2010s
Kenya,KEN,2016,Internet users,IT.NET.USER.ZS,16.6,False,2010s
Kenya,KEN,2017,Internet users,IT.NET.USER.ZS,17.82710075,False,2010s
Kenya,KEN,2018,Internet users,IT.NET.USER.ZS,19.5,False,2010s
Kenya,KEN,2019,Internet users,IT.NET.USER.ZS,22.6687733618171,False,2010s
Kenya,KEN,2020,Internet users,IT.NET.USER.ZS,24.7227993,False,2020s
Kenya,KEN,2021,Internet users,IT.NET.USER.ZS,26.96290016,False,2020s
Kenya,KEN,2022,Internet users,IT.NET.USER.ZS,29.40589905,False,2020s
Kenya,KEN,2023,Internet users,IT.NET.USER.ZS,32.07040024,False,2020s
Kenya,KEN,2024,Internet users,IT.NET.USER.ZS,34.97622513,False,2020s
Kenya,KEN,2025,Internet users,IT.NET.USER.ZS,,False,2020s
Kenya,KEN,1960,Life expectancy,SP.DYN.LE00.IN,48.477,False,1960s
Kenya,KEN,1961,Life expectancy,SP.DYN.LE00.IN,49.33,False,1960s
Kenya,KEN,1962,Life expectancy,SP.DYN.LE00.IN,50.104,False,1960s
Kenya,KEN,1963,Life expectancy,SP.DYN.LE00.IN,50.758,False,1960s
Kenya,KEN,1964,Life expectancy,SP.DYN.LE00.IN,51.323,False,1960s
Kenya,KEN,1965,Life expectancy,SP.DYN.LE00.IN,51.886,False,1960s
Kenya,KEN,1966,Life expectancy,SP.DYN.LE00.IN,52.383,False,1960s
Kenya,KEN,1967,Life expectancy,SP.DYN.LE00.IN,52.796,False,1960s
Kenya,KEN,1968,Life expectancy,SP.DYN.LE00.IN,53.302,False,1960s
Kenya,KEN,1969,Life expectancy,SP.DYN.LE00.IN,53.734,False,1960s
Kenya,KEN,1970,Life expectancy,SP.DYN.LE00.IN,54.143,False,1970s
Kenya,KEN,1971,Life expectancy,SP.DYN.LE00.IN,54.543,False,1970s
Kenya,KEN,1972,Life expectancy,SP.DYN.LE00.IN,55.013,False,1970s
Kenya,KEN,1973,Life expectancy,SP.DYN.LE00.IN,55.5,False,1970s
Kenya,KEN,1974,Life expectancy,SP.DYN.LE00.IN,56.039,False,1970s
Kenya,KEN,1975,Life expectancy,SP.DYN.LE00.IN,56.62,False,1970s
Kenya,KEN,1976,Life expectancy,SP.DYN.LE00.IN,57.153,False,1970s
Kenya,KEN,1977,Life expectancy,SP.DYN.LE00.IN,57.684,False,1970s
Kenya,KEN,1978,Life expectancy,SP.DYN.LE00.IN,58.234,False,1970s
Kenya,KEN,1979,Life expectancy,SP.DYN.LE00.IN,58.691,False,1970s
Kenya,KEN,1980,Life expectancy,SP.DYN.LE00.IN,59.175,False,1980s
Kenya,KEN,1981,Life expectancy,SP.DYN.LE00.IN,59.562,False,1980s
Kenya,KEN,1982,Life expectancy,SP.DYN.LE00.IN,59.904,False,1980s
Kenya,KEN,1983,Life expectancy,SP.DYN.LE00.IN,60.342,False,1980s
Kenya,KEN,1984,Life expectancy,SP.DYN.LE00.IN,60.611,False,1980s
Kenya,KEN,1985,Life expectancy,SP.DYN.LE00.IN,60.856,False,1980s
Kenya,KEN,1986,Life expectancy,SP.DYN.LE00.IN,60.818,False,1980s
Kenya,KEN,1987,Life expectancy,SP.DYN.LE00.IN,60.721,False,1980s
Kenya,KEN,1988,Life expectancy,SP.DYN.LE00.IN,60.32,False,1980s
Kenya,KEN,1989,Life expectancy,SP.DYN.LE00.IN,59.99,False,1980s
Kenya,KEN,1990,Life expectancy,SP.DYN.LE00.IN,58.334,False,1990s
Kenya,KEN,1991,Life expectancy,SP.DYN.LE00.IN,57.826,False,1990s
Kenya,KEN,1992,Life expectancy,SP.DYN.LE00.IN,57.095,False,1990s
Kenya,KEN,1993,Life expectancy,SP.DYN.LE00.IN,56.668,False,1990s
Kenya,KEN,1994,Life expectancy,SP.DYN.LE00.IN,56.101,False,1990s
Kenya,KEN,1995,Life expectancy,SP.DYN.LE00.IN,55.856,False,1990s
Kenya,KEN,1996,Life expectancy,SP.DYN.LE00.IN,55.575,False,1990s
Kenya,KEN,1997,Life expectancy,SP.DYN.LE00.IN,55.478,False,1990s
Kenya,KEN,1998,Life expectancy,SP.DYN.LE00.IN,55.568,False,1990s
Kenya,KEN,1999,Life expectancy,SP.DYN.LE00.IN,55.866,False,1990s
Kenya,KEN,2000,Life expectancy,SP.DYN.LE00.IN,56.084,False,2000s
Kenya,KEN,2001,Life expectancy,SP.DYN.LE00.IN,56.501,False,2000s
Kenya,KEN,2002,Life expectancy,SP.DYN.LE00.IN,56.759,False,2000s
Kenya,KEN,2003,Life expectancy,SP.DYN.LE00.IN,57.369,False,2000s
Kenya,KEN,2004,Life expectancy,SP.DYN.LE00.IN,57.947,False,2000s
Kenya,KEN,2005,Life expectancy,SP.DYN.LE00.IN,58.51,False,2000s
Kenya,KEN,2006,Life expectancy,SP.DYN.LE00.IN,59.059,False,2000s
Kenya,KEN,2007,Life expectancy,SP.DYN.LE00.IN,59.407,False,2000s
Kenya,KEN,2008,Life expectancy,SP.DYN.LE00.IN,59.955,False,2000s
Kenya,KEN,2009,Life expectancy,SP.DYN.LE00.IN,60.483,False,2000s
Kenya,KEN,2010,Life expectancy,SP.DYN.LE00.IN,60.915,False,2010s
Kenya,KEN,2011,Life expectancy,SP.DYN.LE00.IN,61.283,False,2010s
Kenya,KEN,2012,Life expectancy,SP.DYN.LE00.IN,61.537,False,2010s
Kenya,KEN,2013,Life expectancy,SP.DYN.LE00.IN,61.729,False,2010s
Kenya,KEN,2014,Life expectancy,SP.DYN.LE00.IN,61.99,False,2010s
Kenya,KEN,2015,Life expectancy,SP.DYN.LE00.IN,62.279,False,2010s
Kenya,KEN,2016,Life expectancy,SP.DYN.LE00.IN,62.526,False,2010s
Kenya,KEN,2017,Life expectancy,SP.DYN.LE00.IN,62.725,False,2010s
Kenya,KEN,2018,Life expectancy,SP.DYN.LE00.IN,62.825,False,2010s
Kenya,KEN,2019,Life expectancy,SP.DYN.LE00.IN,62.939,False,2010s
Kenya,KEN,2020,Life expectancy,SP.DYN.LE00.IN,61.596,False,2020s
Kenya,KEN,2021,Life expectancy,SP.DYN.LE00.IN,61.225,False,2020s
Kenya,KEN,2022,Life expectancy,SP.DYN.LE00.IN,63.549,False,2020s
Kenya,KEN,2023,Life expectancy,SP.DYN.LE00.IN,63.646,False,2020s
Kenya,KEN,2024,Life expectancy,SP.DYN.LE00.IN,63.834,False,2020s
Kenya,KEN,2025,Life expectancy,SP.DYN.LE00.IN,,False,2020s
Kenya,KEN,1960,Population,SP.POP.TOTL,7695307.0,False,1960s
Kenya,KEN,1961,Population,SP.POP.TOTL,7987770.0,False,1960s
Kenya,KEN,1962,Population,SP.POP.TOTL,8299308.0,False,1960s
Kenya,KEN,1963,Population,SP.POP.TOTL,8627971.0,False,1960s
Kenya,KEN,1964,Population,SP.POP.TOTL,8973535.0,False,1960s
Kenya,KEN,1965,Population,SP.POP.TOTL,9338078.0,False,1960s
Kenya,KEN,1966,Population,SP.POP.TOTL,9717816.0,False,1960s
Kenya,KEN,1967,Population,SP.POP.TOTL,10111057.0,False,1960s
Kenya,KEN,1968,Population,SP.POP.TOTL,10518823.0,False,1960s
Kenya,KEN,1969,Population,SP.POP.TOTL,10939695.0,False,1960s
Kenya,KEN,1970,Population,SP.POP.TOTL,11368791.0,False,1970s
Kenya,KEN,1971,Population,SP.POP.TOTL,11788904.0,False,1970s
Kenya,KEN,1972,Population,SP.POP.TOTL,12206060.0,False,1970s
Kenya,KEN,1973,Population,SP.POP.TOTL,12634835.0,False,1970s
Kenya,KEN,1974,Population,SP.POP.TOTL,13070078.0,False,1970s
Kenya,KEN,1975,Population,SP.POP.TOTL,13511671.0,False,1970s
Kenya,KEN,1976,Population,SP.POP.TOTL,13957623.0,False,1970s
Kenya,KEN,1977,Population,SP.POP.TOTL,14428819.0,False,1970s
Kenya,KEN,1978,Population,SP.POP.TOTL,14934126.0,False,1970s
Kenya,KEN,1979,Population,SP.POP.TOTL,15460666.0,False,1970s
Kenya,KEN,1980,Population,SP.POP.TOTL,16018459.0,False,1980s
Kenya,KEN,1981,Population,SP.POP.TOTL,16601507.0,False,1980s
Kenya,KEN,1982,Population,SP.POP.TOTL,17206175.0,False,1980s
Kenya,KEN,1983,Population,SP.POP.TOTL,17846374.0,False,1980s
Kenya,KEN,1984,Population,SP.POP.TOTL,18514906.0,False,1980s
Kenya,KEN,1985,Population,SP.POP.TOTL,19201768.0,False,1980s
Kenya,KEN,1986,Population,SP.POP.TOTL,19901646.0,False,1980s
Kenya,KEN,1987,Population,SP.POP.TOTL,20616096.0,False,1980s
Kenya,KEN,1988,Population,SP.POP.TOTL,21356219.0,False,1980s
Kenya,KEN,1989,Population,SP.POP.TOTL,22118434.0,False,1980s
Kenya,KEN,1990,Population,SP.POP.TOTL,22892651.0,False,1990s
Kenya,KEN,1991,Population,SP.POP.TOTL,23646514.0,False,1990s
Kenya,KEN,1992,Population,SP.POP.TOTL,24382460.0,False,1990s
Kenya,KEN,1993,Population,SP.POP.TOTL,25117188.0,False,1990s
Kenya,KEN,1994,Population,SP.POP.TOTL,25857130.0,False,1990s
Kenya,KEN,1995,Population,SP.POP.TOTL,26601751.0,False,1990s
Kenya,KEN,1996,Population,SP.POP.TOTL,27344211.0,False,1990s
Kenya,KEN,1997,Population,SP.POP.TOTL,28101768.0,False,1990s
Kenya,KEN,1998,Population,SP.POP.TOTL,28888057.0,False,1990s
Kenya,KEN,1999,Population,SP.POP.TOTL,29733408.0,False,1990s
Kenya,KEN,2000,Population,SP.POP.TOTL,30642890.0,False,2000s
Kenya,KEN,2001,Population,SP.POP.TOTL,31619170.0,False,2000s
Kenya,KEN,2002,Population,SP.POP.TOTL,32629808.0,False,2000s
Kenya,KEN,2003,Population,SP.POP.TOTL,33652223.0,False,2000s
Kenya,KEN,2004,Population,SP.POP.TOTL,34713455.0,False,2000s
Kenya,KEN,2005,Population,SP.POP.TOTL,35796484.0,False,2000s
Kenya,KEN,2006,Population,SP.POP.TOTL,36904008.0,False,2000s
Kenya,KEN,2007,Population,SP.POP.TOTL,38036349.0,False,2000s
Kenya,KEN,2008,Population,SP.POP.TOTL,39206351.0,False,2000s
Kenya,KEN,2009,Population,SP.POP.TOTL,40408891.0,False,2000s
Kenya,KEN,2010,Population,SP.POP.TOTL,41598567.0,False,2010s
Kenya,KEN,2011,Population,SP.POP.TOTL,42758461.0,False,2010s
Kenya,KEN,2012,Population,SP.POP.TOTL,43888303.0,False,2010s
Kenya,KEN,2013,Population,SP.POP.TOTL,44986791.0,False,2010s
Kenya,KEN,2014,Population,SP.POP.TOTL,46051440.0,False,2010s
Kenya,KEN,2015,Population,SP.POP.TOTL,47088526.0,False,2010s
Kenya,KEN,2016,Population,SP.POP.TOTL,48139687.0,False,2010s
Kenya,KEN,2017,Population,SP.POP.TOTL,49197766.0,False,2010s
Kenya,KEN,2018,Population,SP.POP.TOTL,50207107.0,False,2010s
Kenya,KEN,2019,Population,SP.POP.TOTL,51202827.0,False,2010s
Kenya,KEN,2020,Population,SP.POP.TOTL,52217334.0,False,2020s
Kenya,KEN,2021,Population,SP.POP.TOTL,53219166.0,False,2020s
Kenya,KEN,2022,Population,SP.POP.TOTL,54252461.0,False,2020s
Kenya,KEN,2023,Population,SP.POP.TOTL,55339003.0,False,2020s
Kenya,KEN,2024,Population,SP.POP.TOTL,56432944.0,False,2020s
Kenya,KEN,2025,Population,SP.POP.TOTL,57532493.0,False,2020s
Kenya,KEN,1960,Unemployment,SL.UEM.TOTL.ZS,,False,1960s
Kenya,KEN,1961,Unemployment,SL.UEM.TOTL.ZS,,False,1960s
Kenya,KEN,1962,Unemployment,SL.UEM.TOTL.ZS,,False,1960s
Kenya,KEN,1963,Unemployment,SL.UEM.TOTL.ZS,,False,1960s
Kenya,KEN,1964,Unemployment,SL.UEM.TOTL.ZS,,False,1960s
Kenya,KEN,1965,Unemployment,SL.UEM.TOTL.ZS,,False,1960s
Kenya,KEN,1966,Unemployment,SL.UEM.TOTL.ZS,,False,1960s
Kenya,KEN,1967,Unemployment,SL.UEM.TOTL.ZS,,False,1960s
Kenya,KEN,1968,Unemployment,SL.UEM.TOTL.ZS,,False,1960s
Kenya,KEN,1969,Unemployment,SL.UEM.TOTL.ZS,,False,1960s
Kenya,KEN,1970,Unemployment,SL.UEM.TOTL.ZS,,False,1970s
Kenya,KEN,1971,Unemployment,SL.UEM.TOTL.ZS,,False,1970s
Kenya,KEN,1972,Unemployment,SL.UEM.TOTL.ZS,,False,1970s
Kenya,KEN,1973,Unemployment,SL.UEM.TOTL.ZS,,False,1970s
Kenya,KEN,1974,Unemployment,SL.UEM.TOTL.ZS,,False,1970s
Kenya,KEN,1975,Unemployment,SL.UEM.TOTL.ZS,,False,1970s
Kenya,KEN,1976,Unemployment,SL.UEM.TOTL.ZS,,False,1970s
Kenya,KEN,1977,Unemployment,SL.UEM.TOTL.ZS,,False,1970s
Kenya,KEN,1978,Unemployment,SL.UEM.TOTL.ZS,,False,1970s
Kenya,KEN,1979,Unemployment,SL.UEM.TOTL.ZS,,False,1970s
Kenya,KEN,1980,Unemployment,SL.UEM.TOTL.ZS,,False,1980s
Kenya,KEN,1981,Unemployment,SL.UEM.TOTL.ZS,,False,1980s
Kenya,KEN,1982,Unemployment,SL.UEM.TOTL.ZS,,False,1980s
Kenya,KEN,1983,Unemployment,SL.UEM.TOTL.ZS,,False,1980s
Kenya,KEN,1984,Unemployment,SL.UEM.TOTL.ZS,,False,1980s
Kenya,KEN,1985,Unemployment,SL.UEM.TOTL.ZS,,False,1980s
Kenya,KEN,1986,Unemployment,SL.UEM.TOTL.ZS,,False,1980s
Kenya,KEN,1987,Unemployment,SL.UEM.TOTL.ZS,,False,1980s
Kenya,KEN,1988,Unemployment,SL.UEM.TOTL.ZS,,False,1980s
Kenya,KEN,1989,Unemployment,SL.UEM.TOTL.ZS,,False,1980s
Kenya,KEN,1990,Unemployment,SL.UEM.TOTL.ZS,,False,1990s
Kenya,KEN,1991,Unemployment,SL.UEM.TOTL.ZS,2.78,False,1990s
Kenya,KEN,1992,Unemployment,SL.UEM.TOTL.ZS,2.894,False,1990s
Kenya,KEN,1993,Unemployment,SL.UEM.TOTL.ZS,2.979,False,1990s
Kenya,KEN,1994,Unemployment,SL.UEM.TOTL.ZS,2.955,False,1990s
Kenya,KEN,1995,Unemployment,SL.UEM.TOTL.ZS,2.848,False,1990s
Kenya,KEN,1996,Unemployment,SL.UEM.TOTL.ZS,2.773,False,1990s
Kenya,KEN,1997,Unemployment,SL.UEM.TOTL.ZS,2.818,False,1990s
Kenya,KEN,1998,Unemployment,SL.UEM.TOTL.ZS,2.843,False,1990s
Kenya,KEN,1999,Unemployment,SL.UEM.TOTL.ZS,2.884,False,1990s
Kenya,KEN,2000,Unemployment,SL.UEM.TOTL.ZS,2.884,False,2000s
Kenya,KEN,2001,Unemployment,SL.UEM.TOTL.ZS,2.876,False,2000s
Kenya,KEN,2002,Unemployment,SL.UEM.TOTL.ZS,2.916,False,2000s
Kenya,KEN,2003,Unemployment,SL.UEM.TOTL.ZS,2.869,False,2000s
Kenya,KEN,2004,Unemployment,SL.UEM.TOTL.ZS,2.844,False,2000s
Kenya,KEN,2005,Unemployment,SL.UEM.TOTL.ZS,2.739,False,2000s
Kenya,KEN,2006,Unemployment,SL.UEM.TOTL.ZS,2.673,False,2000s
Kenya,KEN,2007,Unemployment,SL.UEM.TOTL.ZS,2.642,False,2000s
Kenya,KEN,2008,Unemployment,SL.UEM.TOTL.ZS,2.751,False,2000s
Kenya,KEN,2009,Unemployment,SL.UEM.TOTL.ZS,2.816,False,2000s
Kenya,KEN,2010,Unemployment,SL.UEM.TOTL.ZS,2.793,False,2010s
Kenya,KEN,2011,Unemployment,SL.UEM.TOTL.ZS,2.699,False,2010s
Kenya,KEN,2012,Unemployment,SL.UEM.TOTL.ZS,2.678,False,2010s
Kenya,KEN,2013,Unemployment,SL.UEM.TOTL.ZS,2.762,False,2010s
Kenya,KEN,2014,Unemployment,SL.UEM.TOTL.ZS,2.767,False,2010s
Kenya,KEN,2015,Unemployment,SL.UEM.TOTL.ZS,2.762,False,2010s
Kenya,KEN,2016,Unemployment,SL.UEM.TOTL.ZS,2.757,False,2010s
Kenya,KEN,2017,Unemployment,SL.UEM.TOTL.ZS,3.542,False,2010s
Kenya,KEN,2018,Unemployment,SL.UEM.TOTL.ZS,4.284,False,2010s
Kenya,KEN,2019,Unemployment,SL.UEM.TOTL.ZS,5.014,False,2010s
Kenya,KEN,2020,Unemployment,SL.UEM.TOTL.ZS,5.613,False,2020s
Kenya,KEN,2021,Unemployment,SL.UEM.TOTL.ZS,5.693,False,2020s
Kenya,KEN,2022,Unemployment,SL.UEM.TOTL.ZS,5.565,False,2020s
Kenya,KEN,2023,Unemployment,SL.UEM.TOTL.ZS,5.409,False,2020s
Kenya,KEN,2024,Unemployment,SL.UEM.TOTL.ZS,5.487,False,2020s
Kenya,KEN,2025,Unemployment,SL.UEM.TOTL.ZS,5.449,False,2020s
Nigeria,NGA,1960,GDP (current US$),NY.GDP.MKTP.CD,4196174501.5302,True,1960s
Nigeria,NGA,1961,GDP (current US$),NY.GDP.MKTP.CD,4467287893.08484,True,1960s
Nigeria,NGA,1962,GDP (current US$),NY.GDP.MKTP.CD,4909399176.24033,True,1960s
Nigeria,NGA,1963,GDP (current US$),NY.GDP.MKTP.CD,5165590253.7639,True,1960s
Nigeria,NGA,1964,GDP (current US$),NY.GDP.MKTP.CD,5552931318.82747,True,1960s
Nigeria,NGA,1965,GDP (current US$),NY.GDP.MKTP.CD,5874537650.18494,True,1960s
Nigeria,NGA,1966,GDP (current US$),NY.GDP.MKTP.CD,6366917453.23302,True,1960s
Nigeria,NGA,1967,GDP (current US$),NY.GDP.MKTP.CD,5203237918.70483,True,1960s
Nigeria,NGA,1968,GDP (current US$),NY.GDP.MKTP.CD,5200997919.60083,True,1960s
Nigeria,NGA,1969,GDP (current US$),NY.GDP.MKTP.CD,6634317346.27306,True,1960s
Nigeria,NGA,1970,GDP (current US$),NY.GDP.MKTP.CD,12546094981.562,True,1970s
Nigeria,NGA,1971,GDP (current US$),NY.GDP.MKTP.CD,9181769911.50443,True,1970s
Nigeria,NGA,1972,GDP (current US$),NY.GDP.MKTP.CD,12274416017.7976,True,1970s
Nigeria,NGA,1973,GDP (current US$),NY.GDP.MKTP.CD,15162871287.1287,True,1970s
Nigeria,NGA,1974,GDP (current US$),NY.GDP.MKTP.CD,24846641318.1242,True,1970s
Nigeria,NGA,1975,GDP (current US$),NY.GDP.MKTP.CD,27778934624.6973,True,1970s
Nigeria,NGA,1976,GDP (current US$),NY.GDP.MKTP.CD,36308883248.731,True,1970s
Nigeria,NGA,1977,GDP (current US$),NY.GDP.MKTP.CD,36035407725.3219,True,1970s
Nigeria,NGA,1978,GDP (current US$),NY.GDP.MKTP.CD,36527862208.7133,True,1970s
Nigeria,NGA,1979,GDP (current US$),NY.GDP.MKTP.CD,47259911894.2731,True,1970s
Nigeria,NGA,1980,GDP (current US$),NY.GDP.MKTP.CD,64201788122.6054,True,1980s
Nigeria,NGA,1981,GDP (current US$),NY.GDP.MKTP.CD,164475209515.939,True,1980s
Nigeria,NGA,1982,GDP (current US$),NY.GDP.MKTP.CD,142769363314.176,True,1980s
Nigeria,NGA,1983,GDP (current US$),NY.GDP.MKTP.CD,97094911792.0489,True,1980s
Nigeria,NGA,1984,GDP (current US$),NY.GDP.MKTP.CD,73484359521.4887,True,1980s
Nigeria,NGA,1985,GDP (current US$),NY.GDP.MKTP.CD,73745821158.2254,True,1980s
Nigeria,NGA,1986,GDP (current US$),NY.GDP.MKTP.CD,54805852580.9129,True,1980s
Nigeria,NGA,1987,GDP (current US$),NY.GDP.MKTP.CD,52676041931.1087,True,1980s
Nigeria,NGA,1988,GDP (current US$),NY.GDP.MKTP.CD,49648470440.4593,True,1980s
Nigeria,NGA,1989,GDP (current US$),NY.GDP.MKTP.CD,44003061108.4005,True,1980s
Nigeria,NGA,1990,GDP (current US$),NY.GDP.MKTP.CD,54035795387.8086,True,1990s
Nigeria,NGA,1991,GDP (current US$),NY.GDP.MKTP.CD,59526833412.3581,True,1990s
Nigeria,NGA,1992,GDP (current US$),NY.GDP.MKTP.CD,52058181853.8055,True,1990s
Nigeria,NGA,1993,GDP (current US$),NY.GDP.MKTP.CD,56721051402.4732,True,1990s
Nigeria,NGA,1994,GDP (current US$),NY.GDP.MKTP.CD,80399613063.6364,True,1990s
Nigeria,NGA,1995,GDP (current US$),NY.GDP.MKTP.CD,140919776986.364,True,1990s
Nigeria,NGA,1996,GDP (current US$),NY.GDP.MKTP.CD,185730236700.0,True,1990s
Nigeria,NGA,1997,GDP (current US$),NY.GDP.MKTP.CD,200850397618.182,True,1990s
Nigeria,NGA,1998,GDP (current US$),NY.GDP.MKTP.CD,218416200672.727,True,1990s
Nigeria,NGA,1999,GDP (current US$),NY.GDP.MKTP.CD,59145077039.1437,True,1990s
Nigeria,NGA,2000,GDP (current US$),NY.GDP.MKTP.CD,69171451627.2465,True,2000s
Nigeria,NGA,2001,GDP (current US$),NY.GDP.MKTP.CD,73557840064.489,True,2000s
Nigeria,NGA,2002,GDP (current US$),NY.GDP.MKTP.CD,95054059302.6995,True,2000s
Nigeria,NGA,2003,GDP (current US$),NY.GDP.MKTP.CD,104738954264.226,True,2000s
Nigeria,NGA,2004,GDP (current US$),NY.GDP.MKTP.CD,135764731645.611,True,2000s
Nigeria,NGA,2005,GDP (current US$),NY.GDP.MKTP.CD,175670569969.346,True,2000s
Nigeria,NGA,2006,GDP (current US$),NY.GDP.MKTP.CD,238454997161.48,True,2000s
Nigeria,NGA,2007,GDP (current US$),NY.GDP.MKTP.CD,278260846800.103,True,2000s
Nigeria,NGA,2008,GDP (current US$),NY.GDP.MKTP.CD,339476276257.793,True,2000s
Nigeria,NGA,2009,GDP (current US$),NY.GDP.MKTP.CD,295008835380.997,True,2000s
Nigeria,NGA,2010,GDP (current US$),NY.GDP.MKTP.CD,366990417129.04,True,2010s
Nigeria,NGA,2011,GDP (current US$),NY.GDP.MKTP.CD,414466676831.16,True,2010s
Nigeria,NGA,2012,GDP (current US$),NY.GDP.MKTP.CD,463971018239.281,True,2010s
Nigeria,NGA,2013,GDP (current US$),NY.GDP.MKTP.CD,520117180313.906,True,2010s
Nigeria,NGA,2014,GDP (current US$),NY.GDP.MKTP.CD,574183763411.508,True,2010s
Nigeria,NGA,2015,GDP (current US$),NY.GDP.MKTP.CD,493026682800.63,True,2010s
Nigeria,NGA,2016,GDP (current US$),NY.GDP.MKTP.CD,404649125252.16,True,2010s
Nigeria,NGA,2017,GDP (current US$),NY.GDP.MKTP.CD,375745731053.427,True,2010s
Nigeria,NGA,2018,GDP (current US$),NY.GDP.MKTP.CD,421739251509.08,True,2010s
Nigeria,NGA,2019,GDP (current US$),NY.GDP.MKTP.CD,668219992686.575,True,2010s
Nigeria,NGA,2020,GDP (current US$),NY.GDP.MKTP.CD,598586817817.392,True,2020s
Nigeria,NGA,2021,GDP (current US$),NY.GDP.MKTP.CD,609147716965.348,True,2020s
Nigeria,NGA,2022,GDP (current US$),NY.GDP.MKTP.CD,646950257575.455,True,2020s
Nigeria,NGA,2023,GDP (current US$),NY.GDP.MKTP.CD,487387801877.803,True,2020s
Nigeria,NGA,2024,GDP (current US$),NY.GDP.MKTP.CD,252261880140.271,True,2020s
Nigeria,NGA,2025,GDP (current US$),NY.GDP.MKTP.CD,290794361542.112,True,2020s
Nigeria,NGA,1960,GDP per capita (current US$),NY.GDP.PCAP.CD,93.1370090424417,True,1960s
Nigeria,NGA,1961,GDP per capita (current US$),NY.GDP.PCAP.CD,97.1375281143562,True,1960s
Nigeria,NGA,1962,GDP per capita (current US$),NY.GDP.PCAP.CD,104.532495533943,True,1960s
Nigeria,NGA,1963,GDP per capita (current US$),NY.GDP.PCAP.CD,107.675741358944,True,1960s
Nigeria,NGA,1964,GDP per capita (current US$),NY.GDP.PCAP.CD,113.297345671875,True,1960s
Nigeria,NGA,1965,GDP per capita (current US$),NY.GDP.PCAP.CD,117.287226824734,True,1960s
Nigeria,NGA,1966,GDP per capita (current US$),NY.GDP.PCAP.CD,124.382440176253,True,1960s
Nigeria,NGA,1967,GDP per capita (current US$),NY.GDP.PCAP.CD,99.5014906604697,True,1960s
Nigeria,NGA,1968,GDP per capita (current US$),NY.GDP.PCAP.CD,97.3372081255964,True,1960s
Nigeria,NGA,1969,GDP per capita (current US$),NY.GDP.PCAP.CD,121.436663307697,True,1960s
Nigeria,NGA,1970,GDP per capita (current US$),NY.GDP.PCAP.CD,224.46293599595,True,1970s
Nigeria,NGA,1971,GDP per capita (current US$),NY.GDP.PCAP.CD,160.479255841113,True,1970s
Nigeria,NGA,1972,GDP per capita (current US$),NY.GDP.PCAP.CD,209.454776294345,True,1970s
Nigeria,NGA,1973,GDP per capita (current US$),NY.GDP.PCAP.CD,252.369032452868,True,1970s
Nigeria,NGA,1974,GDP per capita (current US$),NY.GDP.PCAP.CD,402.836999782685,True,1970s
Nigeria,NGA,1975,GDP per capita (current US$),NY.GDP.PCAP.CD,438.078813916795,True,1970s
Nigeria,NGA,1976,GDP per capita (current US$),NY.GDP.PCAP.CD,556.389687719878,True,1970s
Nigeria,NGA,1977,GDP per capita (current US$),NY.GDP.PCAP.CD,535.965307817329,True,1970s
Nigeria,NGA,1978,GDP per capita (current US$),NY.GDP.PCAP.CD,526.895852928476,True,1970s
Nigeria,NGA,1979,GDP per capita (current US$),NY.GDP.PCAP.CD,660.994040864293,True,1970s
Nigeria,NGA,1980,GDP per capita (current US$),NY.GDP.PCAP.CD,870.359934682057,True,1980s
Nigeria,NGA,1981,GDP per capita (current US$),NY.GDP.PCAP.CD,2162.20995436075,True,1980s
Nigeria,NGA,1982,GDP per capita (current US$),NY.GDP.PCAP.CD,1821.53265482387,True,1980s
Nigeria,NGA,1983,GDP per capita (current US$),NY.GDP.PCAP.CD,1207.07374565349,True,1980s
Nigeria,NGA,1984,GDP per capita (current US$),NY.GDP.PCAP.CD,890.434106332302,True,1980s
Nigeria,NGA,1985,GDP per capita (current US$),NY.GDP.PCAP.CD,868.640540548893,True,1980s
Nigeria,NGA,1986,GDP per capita (current US$),NY.GDP.PCAP.CD,628.248453718536,True,1980s
Nigeria,NGA,1987,GDP per capita (current US$),NY.GDP.PCAP.CD,587.956613434089,True,1980s
Nigeria,NGA,1988,GDP per capita (current US$),NY.GDP.PCAP.CD,539.539468397166,True,1980s
Nigeria,NGA,1989,GDP per capita (current US$),NY.GDP.PCAP.CD,465.488089532188,True,1980s
Nigeria,NGA,1990,GDP per capita (current US$),NY.GDP.PCAP.CD,556.376449130902,True,1990s
Nigeria,NGA,1991,GDP per capita (current US$),NY.GDP.PCAP.CD,596.938795710722,True,1990s
Nigeria,NGA,1992,GDP per capita (current US$),NY.GDP.PCAP.CD,508.515905682785,True,1990s
Nigeria,NGA,1993,GDP per capita (current US$),NY.GDP.PCAP.CD,539.573202297542,True,1990s
Nigeria,NGA,1994,GDP per capita (current US$),NY.GDP.PCAP.CD,744.884247151377,True,1990s
Nigeria,NGA,1995,GDP per capita (current US$),NY.GDP.PCAP.CD,1271.61617353199,True,1990s
Nigeria,NGA,1996,GDP per capita (current US$),NY.GDP.PCAP.CD,1632.72469370276,True,1990s
Nigeria,NGA,1997,GDP per capita (current US$),NY.GDP.PCAP.CD,1720.27540949396,True,1990s
Nigeria,NGA,1998,GDP per capita (current US$),NY.GDP.PCAP.CD,1822.46998452473,True,1990s
Nigeria,NGA,1999,GDP per capita (current US$),NY.GDP.PCAP.CD,480.669363941805,True,1990s
Nigeria,NGA,2000,GDP per capita (current US$),NY.GDP.PCAP.CD,547.318298903379,True,2000s
Nigeria,NGA,2001,GDP per capita (current US$),NY.GDP.PCAP.CD,566.428231812933,True,2000s
Nigeria,NGA,2002,GDP per capita (current US$),NY.GDP.PCAP.CD,712.164852077686,True,2000s
Nigeria,NGA,2003,GDP per capita (current US$),NY.GDP.PCAP.CD,763.388745367223,True,2000s
Nigeria,NGA,2004,GDP per capita (current US$),NY.GDP.PCAP.CD,962.48104194733,True,2000s
Nigeria,NGA,2005,GDP per capita (current US$),NY.GDP.PCAP.CD,1211.37703504386,True,2000s
Nigeria,NGA,2006,GDP per capita (current US$),NY.GDP.PCAP.CD,1599.53891556365,True,2000s
Nigeria,NGA,2007,GDP per capita (current US$),NY.GDP.PCAP.CD,1815.52697545827,True,2000s
Nigeria,NGA,2008,GDP per capita (current US$),NY.GDP.PCAP.CD,2154.10543545364,True,2000s
Nigeria,NGA,2009,GDP per capita (current US$),NY.GDP.PCAP.CD,1820.48633854782,True,2000s
Nigeria,NGA,2010,GDP per capita (current US$),NY.GDP.PCAP.CD,2202.25672957344,True,2010s
Nigeria,NGA,2011,GDP per capita (current US$),NY.GDP.PCAP.CD,2418.41316975875,True,2010s
Nigeria,NGA,2012,GDP per capita (current US$),NY.GDP.PCAP.CD,2633.19734671361,True,2010s
Nigeria,NGA,2013,GDP per capita (current US$),NY.GDP.PCAP.CD,2872.79083379398,True,2010s
Nigeria,NGA,2014,GDP per capita (current US$),NY.GDP.PCAP.CD,3088.72131316169,True,2010s
Nigeria,NGA,2015,GDP per capita (current US$),NY.GDP.PCAP.CD,2585.73360671797,True,2010s
Nigeria,NGA,2016,GDP per capita (current US$),NY.GDP.PCAP.CD,2070.4127339595,True,2010s
Nigeria,NGA,2017,GDP per capita (current US$),NY.GDP.PCAP.CD,1876.34027111773,True,2010s
Nigeria,NGA,2018,GDP per capita (current US$),NY.GDP.PCAP.CD,2057.87944554011,True,2010s
Nigeria,NGA,2019,GDP per capita (current US$),NY.GDP.PCAP.CD,3189.81286496183,True,2010s
Nigeria,NGA,2020,GDP per capita (current US$),NY.GDP.PCAP.CD,2797.184580679,True,2020s
Nigeria,NGA,2021,GDP per capita (current US$),NY.GDP.PCAP.CD,2787.48779220991,True,2020s
Nigeria,NGA,2022,GDP per capita (current US$),NY.GDP.PCAP.CD,2899.16047469267,True,2020s
Nigeria,NGA,2023,GDP per capita (current US$),NY.GDP.PCAP.CD,2138.76383718757,True,2020s
Nigeria,NGA,2024,GDP per capita (current US$),NY.GDP.PCAP.CD,1084.16041805058,True,2020s
Nigeria,NGA,2025,GDP per capita (current US$),NY.GDP.PCAP.CD,1224.25410237743,True,2020s
Nigeria,NGA,1960,Inflation,FP.CPI.TOTL.ZG,5.44432736187238,True,1960s
Nigeria,NGA,1961,Inflation,FP.CPI.TOTL.ZG,6.27914723477519,True,1960s
Nigeria,NGA,1962,Inflation,FP.CPI.TOTL.ZG,5.26563234621725,True,1960s
Nigeria,NGA,1963,Inflation,FP.CPI.TOTL.ZG,-2.69465535232729,True,1960s
Nigeria,NGA,1964,Inflation,FP.CPI.TOTL.ZG,0.856793145737561,True,1960s
Nigeria,NGA,1965,Inflation,FP.CPI.TOTL.ZG,4.1034587381162,True,1960s
Nigeria,NGA,1966,Inflation,FP.CPI.TOTL.ZG,9.69034608375115,True,1960s
Nigeria,NGA,1967,Inflation,FP.CPI.TOTL.ZG,-3.72633676514213,True,1960s
Nigeria,NGA,1968,Inflation,FP.CPI.TOTL.ZG,-0.476059059060828,True,1960s
Nigeria,NGA,1969,Inflation,FP.CPI.TOTL.ZG,10.1559792028219,True,1960s
Nigeria,NGA,1970,Inflation,FP.CPI.TOTL.ZG,13.757079924793,True,1970s
Nigeria,NGA,1971,Inflation,FP.CPI.TOTL.ZG,15.9991148482235,True,1970s
Nigeria,NGA,1972,Inflation,FP.CPI.TOTL.ZG,3.45764975201502,True,1970s
Nigeria,NGA,1973,Inflation,FP.CPI.TOTL.ZG,5.40266445394219,True,1970s
Nigeria,NGA,1974,Inflation,FP.CPI.TOTL.ZG,12.674393177433,True,1970s
Nigeria,NGA,1975,Inflation,FP.CPI.TOTL.ZG,33.9641883221776,True,1970s
Nigeria,NGA,1976,Inflation,FP.CPI.TOTL.ZG,24.2999999999997,True,1970s
Nigeria,NGA,1977,Inflation,FP.CPI.TOTL.ZG,15.0878340572688,True,1970s
Nigeria,NGA,1978,Inflation,FP.CPI.TOTL.ZG,21.7092457416664,True,1970s
Nigeria,NGA,1979,Inflation,FP.CPI.TOTL.ZG,11.7097306212117,True,1970s
Nigeria,NGA,1980,Inflation,FP.CPI.TOTL.ZG,9.97226199001429,True,1980s
Nigeria,NGA,1981,Inflation,FP.CPI.TOTL.ZG,20.8128229121949,True,1980s
Nigeria,NGA,1982,Inflation,FP.CPI.TOTL.ZG,7.69774724714248,True,1980s
Nigeria,NGA,1983,Inflation,FP.CPI.TOTL.ZG,23.2123315511559,True,1980s
Nigeria,NGA,1984,Inflation,FP.CPI.TOTL.ZG,17.8205332860842,True,1980s
Nigeria,NGA,1985,Inflation,FP.CPI.TOTL.ZG,7.43534482758627,True,1980s
Nigeria,NGA,1986,Inflation,FP.CPI.TOTL.ZG,5.71715145436308,True,1980s
Nigeria,NGA,1987,Inflation,FP.CPI.TOTL.ZG,11.2903225806451,True,1980s
Nigeria,NGA,1988,Inflation,FP.CPI.TOTL.ZG,54.5112247797672,True,1980s
Nigeria,NGA,1989,Inflation,FP.CPI.TOTL.ZG,50.4666881235916,True,1980s
Nigeria,NGA,1990,Inflation,FP.CPI.TOTL.ZG,7.36440030557697,True,1990s
Nigeria,NGA,1991,Inflation,FP.CPI.TOTL.ZG,13.0069731037427,True,1990s
Nigeria,NGA,1992,Inflation,FP.CPI.TOTL.ZG,44.588842715023,True,1990s
Nigeria,NGA,1993,Inflation,FP.CPI.TOTL.ZG,57.1652528349217,True,1990s
Nigeria,NGA,1994,Inflation,FP.CPI.TOTL.ZG,57.031708911966,True,1990s
Nigeria,NGA,1995,Inflation,FP.CPI.TOTL.ZG,72.8355022972636,True,1990s
Nigeria,NGA,1996,Inflation,FP.CPI.TOTL.ZG,29.2682926829272,True,1990s
Nigeria,NGA,1997,Inflation,FP.CPI.TOTL.ZG,8.52987421383633,True,1990s
Nigeria,NGA,1998,Inflation,FP.CPI.TOTL.ZG,9.99637812386806,True,1990s
Nigeria,NGA,1999,Inflation,FP.CPI.TOTL.ZG,6.61837339479756,True,1990s
Nigeria,NGA,2000,Inflation,FP.CPI.TOTL.ZG,6.9332921556516,True,2000s
Nigeria,NGA,2001,Inflation,FP.CPI.TOTL.ZG,18.8736462093863,True,2000s
Nigeria,NGA,2002,Inflation,FP.CPI.TOTL.ZG,12.8765792031099,True,2000s
Nigeria,NGA,2003,Inflation,FP.CPI.TOTL.ZG,14.0317836131437,True,2000s
Nigeria,NGA,2004,Inflation,FP.CPI.TOTL.ZG,14.9980338183251,True,2000s
Nigeria,NGA,2005,Inflation,FP.CPI.TOTL.ZG,17.8634933661605,True,2000s
Nigeria,NGA,2006,Inflation,FP.CPI.TOTL.ZG,8.22743678120907,True,2000s
Nigeria,NGA,2007,Inflation,FP.CPI.TOTL.ZG,5.38610421570143,True,2000s
Nigeria,NGA,2008,Inflation,FP.CPI.TOTL.ZG,11.583054796681,True,2000s
Nigeria,NGA,2009,Inflation,FP.CPI.TOTL.ZG,12.5379242951095,True,2000s
Nigeria,NGA,2010,Inflation,FP.CPI.TOTL.ZG,13.7400521363694,True,2010s
Nigeria,NGA,2011,Inflation,FP.CPI.TOTL.ZG,10.8261371880018,True,2010s
Nigeria,NGA,2012,Inflation,FP.CPI.TOTL.ZG,12.2242413020582,True,2010s
Nigeria,NGA,2013,Inflation,FP.CPI.TOTL.ZG,8.49551838265678,True,2010s
Nigeria,NGA,2014,Inflation,FP.CPI.TOTL.ZG,8.04741087967907,True,2010s
Nigeria,NGA,2015,Inflation,FP.CPI.TOTL.ZG,9.00943498007706,True,2010s
Nigeria,NGA,2016,Inflation,FP.CPI.TOTL.ZG,15.6968126387972,True,2010s
Nigeria,NGA,2017,Inflation,FP.CPI.TOTL.ZG,16.5022662139641,True,2010s
Nigeria,NGA,2018,Inflation,FP.CPI.TOTL.ZG,12.0951065173432,True,2010s
Nigeria,NGA,2019,Inflation,FP.CPI.TOTL.ZG,11.3964223378115,True,2010s
Nigeria,NGA,2020,Inflation,FP.CPI.TOTL.ZG,13.2460234276598,True,2020s
Nigeria,NGA,2021,Inflation,FP.CPI.TOTL.ZG,16.9528457221608,True,2020s
Nigeria,NGA,2022,Inflation,FP.CPI.TOTL.ZG,18.8471877843274,True,2020s
Nigeria,NGA,2023,Inflation,FP.CPI.TOTL.ZG,24.659550203114,True,2020s
Nigeria,NGA,2024,Inflation,FP.CPI.TOTL.ZG,33.2416590552749,True,2020s
Nigeria,NGA,2025,Inflation,FP.CPI.TOTL.ZG,23.0101235833333,True,2020s
Nigeria,NGA,1960,Internet users,IT.NET.USER.ZS,,True,1960s
Nigeria,NGA,1961,Internet users,IT.NET.USER.ZS,,True,1960s
Nigeria,NGA,1962,Internet users,IT.NET.USER.ZS,,True,1960s
Nigeria,NGA,1963,Internet users,IT.NET.USER.ZS,,True,1960s
Nigeria,NGA,1964,Internet users,IT.NET.USER.ZS,,True,1960s
Nigeria,NGA,1965,Internet users,IT.NET.USER.ZS,,True,1960s
Nigeria,NGA,1966,Internet users,IT.NET.USER.ZS,,True,1960s
Nigeria,NGA,1967,Internet users,IT.NET.USER.ZS,,True,1960s
Nigeria,NGA,1968,Internet users,IT.NET.USER.ZS,,True,1960s
Nigeria,NGA,1969,Internet users,IT.NET.USER.ZS,,True,1960s
Nigeria,NGA,1970,Internet users,IT.NET.USER.ZS,,True,1970s
Nigeria,NGA,1971,Internet users,IT.NET.USER.ZS,,True,1970s
Nigeria,NGA,1972,Internet users,IT.NET.USER.ZS,,True,1970s
Nigeria,NGA,1973,Internet users,IT.NET.USER.ZS,,True,1970s
Nigeria,NGA,1974,Internet users,IT.NET.USER.ZS,,True,1970s
Nigeria,NGA,1975,Internet users,IT.NET.USER.ZS,,True,1970s
Nigeria,NGA,1976,Internet users,IT.NET.USER.ZS,,True,1970s
Nigeria,NGA,1977,Internet users,IT.NET.USER.ZS,,True,1970s
Nigeria,NGA,1978,Internet users,IT.NET.USER.ZS,,True,1970s
Nigeria,NGA,1979,Internet users,IT.NET.USER.ZS,,True,1970s
Nigeria,NGA,1980,Internet users,IT.NET.USER.ZS,,True,1980s
Nigeria,NGA,1981,Internet users,IT.NET.USER.ZS,,True,1980s
Nigeria,NGA,1982,Internet users,IT.NET.USER.ZS,,True,1980s
Nigeria,NGA,1983,Internet users,IT.NET.USER.ZS,,True,1980s
Nigeria,NGA,1984,Internet users,IT.NET.USER.ZS,,True,1980s
Nigeria,NGA,1985,Internet users,IT.NET.USER.ZS,,True,1980s
Nigeria,NGA,1986,Internet users,IT.NET.USER.ZS,,True,1980s
Nigeria,NGA,1987,Internet users,IT.NET.USER.ZS,,True,1980s
Nigeria,NGA,1988,Internet users,IT.NET.USER.ZS,,True,1980s
Nigeria,NGA,1989,Internet users,IT.NET.USER.ZS,,True,1980s
Nigeria,NGA,1990,Internet users,IT.NET.USER.ZS,0.0,True,1990s
Nigeria,NGA,1991,Internet users,IT.NET.USER.ZS,,True,1990s
Nigeria,NGA,1992,Internet users,IT.NET.USER.ZS,,True,1990s
Nigeria,NGA,1993,Internet users,IT.NET.USER.ZS,,True,1990s
Nigeria,NGA,1994,Internet users,IT.NET.USER.ZS,,True,1990s
Nigeria,NGA,1995,Internet users,IT.NET.USER.ZS,,True,1990s
Nigeria,NGA,1996,Internet users,IT.NET.USER.ZS,0.00883,True,1990s
Nigeria,NGA,1997,Internet users,IT.NET.USER.ZS,0.0172,True,1990s
Nigeria,NGA,1998,Internet users,IT.NET.USER.ZS,0.0252,True,1990s
Nigeria,NGA,1999,Internet users,IT.NET.USER.ZS,0.041,True,1990s
Nigeria,NGA,2000,Internet users,IT.NET.USER.ZS,0.0640808079494101,True,2000s
Nigeria,NGA,2001,Internet users,IT.NET.USER.ZS,0.089901370457273,True,2000s
Nigeria,NGA,2002,Internet users,IT.NET.USER.ZS,0.320461975542327,True,2000s
Nigeria,NGA,2003,Internet users,IT.NET.USER.ZS,0.558576244860521,True,2000s
Nigeria,NGA,2004,Internet users,IT.NET.USER.ZS,1.28613764134527,True,2000s
Nigeria,NGA,2005,Internet users,IT.NET.USER.ZS,3.54915571796492,True,2000s
Nigeria,NGA,2006,Internet users,IT.NET.USER.ZS,5.54503608300536,True,2000s
Nigeria,NGA,2007,Internet users,IT.NET.USER.ZS,6.769999981,True,2000s
Nigeria,NGA,2008,Internet users,IT.NET.USER.ZS,8.0,True,2000s
Nigeria,NGA,2009,Internet users,IT.NET.USER.ZS,9.300000191,True,2000s
Nigeria,NGA,2010,Internet users,IT.NET.USER.ZS,11.5,True,2010s
Nigeria,NGA,2011,Internet users,IT.NET.USER.ZS,13.80000019,True,2010s
Nigeria,NGA,2012,Internet users,IT.NET.USER.ZS,16.10000038,True,2010s
Nigeria,NGA,2013,Internet users,IT.NET.USER.ZS,19.10000038,True,2010s
Nigeria,NGA,2014,Internet users,IT.NET.USER.ZS,21.0,True,2010s
Nigeria,NGA,2015,Internet users,IT.NET.USER.ZS,22.51420021,True,2010s
Nigeria,NGA,2016,Internet users,IT.NET.USER.ZS,24.13750076,True,2010s
Nigeria,NGA,2017,Internet users,IT.NET.USER.ZS,25.87789917,True,2010s
Nigeria,NGA,2018,Internet users,IT.NET.USER.ZS,27.74370003,True,2010s
Nigeria,NGA,2019,Internet users,IT.NET.USER.ZS,29.74410057,True,2010s
Nigeria,NGA,2020,Internet users,IT.NET.USER.ZS,31.88879967,True,2020s
Nigeria,NGA,2021,Internet users,IT.NET.USER.ZS,35.50979996,True,2020s
Nigeria,NGA,2022,Internet users,IT.NET.USER.ZS,39.14720154,True,2020s
Nigeria,NGA,2023,Internet users,IT.NET.USER.ZS,40.06399918,True,2020s
Nigeria,NGA,2024,Internet users,IT.NET.USER.ZS,41.21139908,True,2020s
Nigeria,NGA,2025,Internet users,IT.NET.USER.ZS,,True,2020s
Nigeria,NGA,1960,Life expectancy,SP.DYN.LE00.IN,37.207,True,1960s
Nigeria,NGA,1961,Life expectancy,SP.DYN.LE00.IN,37.427,True,1960s
Nigeria,NGA,1962,Life expectancy,SP.DYN.LE00.IN,37.606,True,1960s
Nigeria,NGA,1963,Life expectancy,SP.DYN.LE00.IN,37.806,True,1960s
Nigeria,NGA,1964,Life expectancy,SP.DYN.LE00.IN,37.98,True,1960s
Nigeria,NGA,1965,Life expectancy,SP.DYN.LE00.IN,38.221,True,1960s
Nigeria,NGA,1966,Life expectancy,SP.DYN.LE00.IN,38.355,True,1960s
Nigeria,NGA,1967,Life expectancy,SP.DYN.LE00.IN,37.497,True,1960s
Nigeria,NGA,1968,Life expectancy,SP.DYN.LE00.IN,38.642,True,1960s
Nigeria,NGA,1969,Life expectancy,SP.DYN.LE00.IN,38.946,True,1960s
Nigeria,NGA,1970,Life expectancy,SP.DYN.LE00.IN,40.008,True,1970s
Nigeria,NGA,1971,Life expectancy,SP.DYN.LE00.IN,40.606,True,1970s
Nigeria,NGA,1972,Life expectancy,SP.DYN.LE00.IN,41.273,True,1970s
Nigeria,NGA,1973,Life expectancy,SP.DYN.LE00.IN,41.831,True,1970s
Nigeria,NGA,1974,Life expectancy,SP.DYN.LE00.IN,42.489,True,1970s
Nigeria,NGA,1975,Life expectancy,SP.DYN.LE00.IN,43.054,True,1970s
Nigeria,NGA,1976,Life expectancy,SP.DYN.LE00.IN,44.186,True,1970s
Nigeria,NGA,1977,Life expectancy,SP.DYN.LE00.IN,44.847,True,1970s
Nigeria,NGA,1978,Life expectancy,SP.DYN.LE00.IN,45.348,True,1970s
Nigeria,NGA,1979,Life expectancy,SP.DYN.LE00.IN,45.738,True,1970s
Nigeria,NGA,1980,Life expectancy,SP.DYN.LE00.IN,45.959,True,1980s
Nigeria,NGA,1981,Life expectancy,SP.DYN.LE00.IN,46.309,True,1980s
Nigeria,NGA,1982,Life expectancy,SP.DYN.LE00.IN,46.437,True,1980s
Nigeria,NGA,1983,Life expectancy,SP.DYN.LE00.IN,46.442,True,1980s
Nigeria,NGA,1984,Life expectancy,SP.DYN.LE00.IN,46.339,True,1980s
Nigeria,NGA,1985,Life expectancy,SP.DYN.LE00.IN,46.193,True,1980s
Nigeria,NGA,1986,Life expectancy,SP.DYN.LE00.IN,45.953,True,1980s
Nigeria,NGA,1987,Life expectancy,SP.DYN.LE00.IN,45.89,True,1980s
Nigeria,NGA,1988,Life expectancy,SP.DYN.LE00.IN,45.834,True,1980s
Nigeria,NGA,1989,Life expectancy,SP.DYN.LE00.IN,45.83,True,1980s
Nigeria,NGA,1990,Life expectancy,SP.DYN.LE00.IN,45.733,True,1990s
Nigeria,NGA,1991,Life expectancy,SP.DYN.LE00.IN,45.483,True,1990s
Nigeria,NGA,1992,Life expectancy,SP.DYN.LE00.IN,45.587,True,1990s
Nigeria,NGA,1993,Life expectancy,SP.DYN.LE00.IN,45.783,True,1990s
Nigeria,NGA,1994,Life expectancy,SP.DYN.LE00.IN,45.748,True,1990s
Nigeria,NGA,1995,Life expectancy,SP.DYN.LE00.IN,45.87,True,1990s
Nigeria,NGA,1996,Life expectancy,SP.DYN.LE00.IN,45.833,True,1990s
Nigeria,NGA,1997,Life expectancy,SP.DYN.LE00.IN,45.96,True,1990s
Nigeria,NGA,1998,Life expectancy,SP.DYN.LE00.IN,46.148,True,1990s
Nigeria,NGA,1999,Life expectancy,SP.DYN.LE00.IN,46.609,True,1990s
Nigeria,NGA,2000,Life expectancy,SP.DYN.LE00.IN,47.143,True,2000s
Nigeria,NGA,2001,Life expectancy,SP.DYN.LE00.IN,47.549,True,2000s
Nigeria,NGA,2002,Life expectancy,SP.DYN.LE00.IN,48.02,True,2000s
Nigeria,NGA,2003,Life expectancy,SP.DYN.LE00.IN,48.618,True,2000s
Nigeria,NGA,2004,Life expectancy,SP.DYN.LE00.IN,49.148,True,2000s
Nigeria,NGA,2005,Life expectancy,SP.DYN.LE00.IN,49.538,True,2000s
Nigeria,NGA,2006,Life expectancy,SP.DYN.LE00.IN,49.876,True,2000s
Nigeria,NGA,2007,Life expectancy,SP.DYN.LE00.IN,50.381,True,2000s
Nigeria,NGA,2008,Life expectancy,SP.DYN.LE00.IN,50.748,True,2000s
Nigeria,NGA,2009,Life expectancy,SP.DYN.LE00.IN,51.08,True,2000s
Nigeria,NGA,2010,Life expectancy,SP.DYN.LE00.IN,51.315,True,2010s
Nigeria,NGA,2011,Life expectancy,SP.DYN.LE00.IN,51.49,True,2010s
Nigeria,NGA,2012,Life expectancy,SP.DYN.LE00.IN,51.688,True,2010s
Nigeria,NGA,2013,Life expectancy,SP.DYN.LE00.IN,51.827,True,2010s
Nigeria,NGA,2014,Life expectancy,SP.DYN.LE00.IN,51.94,True,2010s
Nigeria,NGA,2015,Life expectancy,SP.DYN.LE00.IN,51.939,True,2010s
Nigeria,NGA,2016,Life expectancy,SP.DYN.LE00.IN,52.189,True,2010s
Nigeria,NGA,2017,Life expectancy,SP.DYN.LE00.IN,52.397,True,2010s
Nigeria,NGA,2018,Life expectancy,SP.DYN.LE00.IN,52.669,True,2010s
Nigeria,NGA,2019,Life expectancy,SP.DYN.LE00.IN,53.009,True,2010s
Nigeria,NGA,2020,Life expectancy,SP.DYN.LE00.IN,53.072,True,2020s
Nigeria,NGA,2021,Life expectancy,SP.DYN.LE00.IN,53.455,True,2020s
Nigeria,NGA,2022,Life expectancy,SP.DYN.LE00.IN,54.079,True,2020s
Nigeria,NGA,2023,Life expectancy,SP.DYN.LE00.IN,54.462,True,2020s
Nigeria,NGA,2024,Life expectancy,SP.DYN.LE00.IN,54.635,True,2020s
Nigeria,NGA,2025,Life expectancy,SP.DYN.LE00.IN,,True,2020s
Nigeria,NGA,1960,Population,SP.POP.TOTL,45053782.0,True,1960s
Nigeria,NGA,1961,Population,SP.POP.TOTL,45989310.0,True,1960s
Nigeria,NGA,1962,Population,SP.POP.TOTL,46965292.0,True,1960s
Nigeria,NGA,1963,Population,SP.POP.TOTL,47973575.0,True,1960s
Nigeria,NGA,1964,Population,SP.POP.TOTL,49012016.0,True,1960s
Nigeria,NGA,1965,Population,SP.POP.TOTL,50086764.0,True,1960s
Nigeria,NGA,1966,Population,SP.POP.TOTL,51188234.0,True,1960s
Nigeria,NGA,1967,Population,SP.POP.TOTL,52293065.0,True,1960s
Nigeria,NGA,1968,Population,SP.POP.TOTL,53432783.0,True,1960s
Nigeria,NGA,1969,Population,SP.POP.TOTL,54631914.0,True,1960s
Nigeria,NGA,1970,Population,SP.POP.TOTL,55893838.0,True,1970s
Nigeria,NGA,1971,Population,SP.POP.TOTL,57214684.0,True,1970s
Nigeria,NGA,1972,Population,SP.POP.TOTL,58601748.0,True,1970s
Nigeria,NGA,1973,Population,SP.POP.TOTL,60082139.0,True,1970s
Nigeria,NGA,1974,Population,SP.POP.TOTL,61679144.0,True,1970s
Nigeria,NGA,1975,Population,SP.POP.TOTL,63410815.0,True,1970s
Nigeria,NGA,1976,Population,SP.POP.TOTL,65258009.0,True,1970s
Nigeria,NGA,1977,Population,SP.POP.TOTL,67234590.0,True,1970s
Nigeria,NGA,1978,Population,SP.POP.TOTL,69326532.0,True,1970s
Nigeria,NGA,1979,Population,SP.POP.TOTL,71498242.0,True,1970s
Nigeria,NGA,1980,Population,SP.POP.TOTL,73764641.0,True,1980s
Nigeria,NGA,1981,Population,SP.POP.TOTL,76068103.0,True,1980s
Nigeria,NGA,1982,Population,SP.POP.TOTL,78378701.0,True,1980s
Nigeria,NGA,1983,Population,SP.POP.TOTL,80438260.0,True,1980s
Nigeria,NGA,1984,Population,SP.POP.TOTL,82526443.0,True,1980s
Nigeria,NGA,1985,Population,SP.POP.TOTL,84897973.0,True,1980s
Nigeria,NGA,1986,Population,SP.POP.TOTL,87235953.0,True,1980s
Nigeria,NGA,1987,Population,SP.POP.TOTL,89591716.0,True,1980s
Nigeria,NGA,1988,Population,SP.POP.TOTL,92020090.0,True,1980s
Nigeria,NGA,1989,Population,SP.POP.TOTL,94531014.0,True,1980s
Nigeria,NGA,1990,Population,SP.POP.TOTL,97120925.0,True,1990s
Nigeria,NGA,1991,Population,SP.POP.TOTL,99720162.0,True,1990s
Nigeria,NGA,1992,Population,SP.POP.TOTL,102372770.0,True,1990s
Nigeria,NGA,1993,Population,SP.POP.TOTL,105122069.0,True,1990s
Nigeria,NGA,1994,Population,SP.POP.TOTL,107935714.0,True,1990s
Nigeria,NGA,1995,Population,SP.POP.TOTL,110819428.0,True,1990s
Nigeria,NGA,1996,Population,SP.POP.TOTL,113754779.0,True,1990s
Nigeria,NGA,1997,Population,SP.POP.TOTL,116754792.0,True,1990s
Nigeria,NGA,1998,Population,SP.POP.TOTL,119846254.0,True,1990s
Nigeria,NGA,1999,Population,SP.POP.TOTL,123047320.0,True,1990s
Nigeria,NGA,2000,Population,SP.POP.TOTL,126382494.0,True,2000s
Nigeria,NGA,2001,Population,SP.POP.TOTL,129862595.0,True,2000s
Nigeria,NGA,2002,Population,SP.POP.TOTL,133471989.0,True,2000s
Nigeria,NGA,2003,Population,SP.POP.TOTL,137202644.0,True,2000s
Nigeria,NGA,2004,Population,SP.POP.TOTL,141057045.0,True,2000s
Nigeria,NGA,2005,Population,SP.POP.TOTL,145017253.0,True,2000s
Nigeria,NGA,2006,Population,SP.POP.TOTL,149077334.0,True,2000s
Nigeria,NGA,2007,Population,SP.POP.TOTL,153267261.0,True,2000s
Nigeria,NGA,2008,Population,SP.POP.TOTL,157595014.0,True,2000s
Nigeria,NGA,2009,Population,SP.POP.TOTL,162049464.0,True,2000s
Nigeria,NGA,2010,Population,SP.POP.TOTL,166642886.0,True,2010s
Nigeria,NGA,2011,Population,SP.POP.TOTL,171379598.0,True,2010s
Nigeria,NGA,2012,Population,SP.POP.TOTL,176200625.0,True,2010s
Nigeria,NGA,2013,Population,SP.POP.TOTL,181049443.0,True,2010s
Nigeria,NGA,2014,Population,SP.POP.TOTL,185896915.0,True,2010s
Nigeria,NGA,2015,Population,SP.POP.TOTL,190671878.0,True,2010s
Nigeria,NGA,2016,Population,SP.POP.TOTL,195443700.0,True,2010s
Nigeria,NGA,2017,Population,SP.POP.TOTL,200254579.0,True,2010s
Nigeria,NGA,2018,Population,SP.POP.TOTL,204938755.0,True,2010s
Nigeria,NGA,2019,Population,SP.POP.TOTL,209485641.0,True,2010s
Nigeria,NGA,2020,Population,SP.POP.TOTL,213996181.0,True,2020s
Nigeria,NGA,2021,Population,SP.POP.TOTL,218529286.0,True,2020s
Nigeria,NGA,2022,Population,SP.POP.TOTL,223150896.0,True,2020s
Nigeria,NGA,2023,Population,SP.POP.TOTL,227882945.0,True,2020s
Nigeria,NGA,2024,Population,SP.POP.TOTL,232679478.0,True,2020s
Nigeria,NGA,2025,Population,SP.POP.TOTL,237527782.0,True,2020s
Nigeria,NGA,1960,Unemployment,SL.UEM.TOTL.ZS,,True,1960s
Nigeria,NGA,1961,Unemployment,SL.UEM.TOTL.ZS,,True,1960s
Nigeria,NGA,1962,Unemployment,SL.UEM.TOTL.ZS,,True,1960s
Nigeria,NGA,1963,Unemployment,SL.UEM.TOTL.ZS,,True,1960s
Nigeria,NGA,1964,Unemployment,SL.UEM.TOTL.ZS,,True,1960s
Nigeria,NGA,1965,Unemployment,SL.UEM.TOTL.ZS,,True,1960s
Nigeria,NGA,1966,Unemployment,SL.UEM.TOTL.ZS,,True,1960s
Nigeria,NGA,1967,Unemployment,SL.UEM.TOTL.ZS,,True,1960s
Nigeria,NGA,1968,Unemployment,SL.UEM.TOTL.ZS,,True,1960s
Nigeria,NGA,1969,Unemployment,SL.UEM.TOTL.ZS,,True,1960s
Nigeria,NGA,1970,Unemployment,SL.UEM.TOTL.ZS,,True,1970s
Nigeria,NGA,1971,Unemployment,SL.UEM.TOTL.ZS,,True,1970s
Nigeria,NGA,1972,Unemployment,SL.UEM.TOTL.ZS,,True,1970s
Nigeria,NGA,1973,Unemployment,SL.UEM.TOTL.ZS,,True,1970s
Nigeria,NGA,1974,Unemployment,SL.UEM.TOTL.ZS,,True,1970s
Nigeria,NGA,1975,Unemployment,SL.UEM.TOTL.ZS,,True,1970s
Nigeria,NGA,1976,Unemployment,SL.UEM.TOTL.ZS,,True,1970s
Nigeria,NGA,1977,Unemployment,SL.UEM.TOTL.ZS,,True,1970s
Nigeria,NGA,1978,Unemployment,SL.UEM.TOTL.ZS,,True,1970s
Nigeria,NGA,1979,Unemployment,SL.UEM.TOTL.ZS,,True,1970s
Nigeria,NGA,1980,Unemployment,SL.UEM.TOTL.ZS,,True,1980s
Nigeria,NGA,1981,Unemployment,SL.UEM.TOTL.ZS,,True,1980s
Nigeria,NGA,1982,Unemployment,SL.UEM.TOTL.ZS,,True,1980s
Nigeria,NGA,1983,Unemployment,SL.UEM.TOTL.ZS,,True,1980s
Nigeria,NGA,1984,Unemployment,SL.UEM.TOTL.ZS,,True,1980s
Nigeria,NGA,1985,Unemployment,SL.UEM.TOTL.ZS,,True,1980s
Nigeria,NGA,1986,Unemployment,SL.UEM.TOTL.ZS,,True,1980s
Nigeria,NGA,1987,Unemployment,SL.UEM.TOTL.ZS,,True,1980s
Nigeria,NGA,1988,Unemployment,SL.UEM.TOTL.ZS,,True,1980s
Nigeria,NGA,1989,Unemployment,SL.UEM.TOTL.ZS,,True,1980s
Nigeria,NGA,1990,Unemployment,SL.UEM.TOTL.ZS,,True,1990s
Nigeria,NGA,1991,Unemployment,SL.UEM.TOTL.ZS,3.831,True,1990s
Nigeria,NGA,1992,Unemployment,SL.UEM.TOTL.ZS,3.79,True,1990s
Nigeria,NGA,1993,Unemployment,SL.UEM.TOTL.ZS,4.023,True,1990s
Nigeria,NGA,1994,Unemployment,SL.UEM.TOTL.ZS,4.064,True,1990s
Nigeria,NGA,1995,Unemployment,SL.UEM.TOTL.ZS,4.152,True,1990s
Nigeria,NGA,1996,Unemployment,SL.UEM.TOTL.ZS,4.043,True,1990s
Nigeria,NGA,1997,Unemployment,SL.UEM.TOTL.ZS,3.964,True,1990s
Nigeria,NGA,1998,Unemployment,SL.UEM.TOTL.ZS,3.922,True,1990s
Nigeria,NGA,1999,Unemployment,SL.UEM.TOTL.ZS,3.986,True,1990s
Nigeria,NGA,2000,Unemployment,SL.UEM.TOTL.ZS,3.953,True,2000s
Nigeria,NGA,2001,Unemployment,SL.UEM.TOTL.ZS,3.9,True,2000s
Nigeria,NGA,2002,Unemployment,SL.UEM.TOTL.ZS,3.669,True,2000s
Nigeria,NGA,2003,Unemployment,SL.UEM.TOTL.ZS,3.637,True,2000s
Nigeria,NGA,2004,Unemployment,SL.UEM.TOTL.ZS,3.59,True,2000s
Nigeria,NGA,2005,Unemployment,SL.UEM.TOTL.ZS,3.727,True,2000s
Nigeria,NGA,2006,Unemployment,SL.UEM.TOTL.ZS,3.749,True,2000s
Nigeria,NGA,2007,Unemployment,SL.UEM.TOTL.ZS,3.794,True,2000s
Nigeria,NGA,2008,Unemployment,SL.UEM.TOTL.ZS,3.792,True,2000s
Nigeria,NGA,2009,Unemployment,SL.UEM.TOTL.ZS,3.763,True,2000s
Nigeria,NGA,2010,Unemployment,SL.UEM.TOTL.ZS,3.744,True,2010s
Nigeria,NGA,2011,Unemployment,SL.UEM.TOTL.ZS,3.77,True,2010s
Nigeria,NGA,2012,Unemployment,SL.UEM.TOTL.ZS,3.761,True,2010s
Nigeria,NGA,2013,Unemployment,SL.UEM.TOTL.ZS,3.711,True,2010s
Nigeria,NGA,2014,Unemployment,SL.UEM.TOTL.ZS,3.9,True,2010s
Nigeria,NGA,2015,Unemployment,SL.UEM.TOTL.ZS,4.134,True,2010s
Nigeria,NGA,2016,Unemployment,SL.UEM.TOTL.ZS,4.499,True,2010s
Nigeria,NGA,2017,Unemployment,SL.UEM.TOTL.ZS,4.83,True,2010s
Nigeria,NGA,2018,Unemployment,SL.UEM.TOTL.ZS,5.069,True,2010s
Nigeria,NGA,2019,Unemployment,SL.UEM.TOTL.ZS,5.206,True,2010s
Nigeria,NGA,2020,Unemployment,SL.UEM.TOTL.ZS,5.714,True,2020s
Nigeria,NGA,2021,Unemployment,SL.UEM.TOTL.ZS,5.404,True,2020s
Nigeria,NGA,2022,Unemployment,SL.UEM.TOTL.ZS,3.827,True,2020s
Nigeria,NGA,2023,Unemployment,SL.UEM.TOTL.ZS,3.074,True,2020s
Nigeria,NGA,2024,Unemployment,SL.UEM.TOTL.ZS,3.045,True,2020s
Nigeria,NGA,2025,Unemployment,SL.UEM.TOTL.ZS,3.064,True,2020s
South Africa,ZAF,1960,GDP (current US$),NY.GDP.MKTP.CD,8748596500.5614,False,1960s
South Africa,ZAF,1961,GDP (current US$),NY.GDP.MKTP.CD,9225996309.60148,False,1960s
South Africa,ZAF,1962,GDP (current US$),NY.GDP.MKTP.CD,9813996074.40157,False,1960s
South Africa,ZAF,1963,GDP (current US$),NY.GDP.MKTP.CD,10854195658.3217,False,1960s
South Africa,ZAF,1964,GDP (current US$),NY.GDP.MKTP.CD,11955995217.6019,False,1960s
South Africa,ZAF,1965,GDP (current US$),NY.GDP.MKTP.CD,13068994772.4021,False,1960s
South Africa,ZAF,1966,GDP (current US$),NY.GDP.MKTP.CD,14211394315.4423,False,1960s
South Africa,ZAF,1967,GDP (current US$),NY.GDP.MKTP.CD,15821393671.4425,False,1960s
South Africa,ZAF,1968,GDP (current US$),NY.GDP.MKTP.CD,17124793150.0827,False,1960s
South Africa,ZAF,1969,GDP (current US$),NY.GDP.MKTP.CD,19256992297.2031,False,1960s
South Africa,ZAF,1970,GDP (current US$),NY.GDP.MKTP.CD,21218391512.6434,False,1970s
South Africa,ZAF,1971,GDP (current US$),NY.GDP.MKTP.CD,23411076638.279,False,1970s
South Africa,ZAF,1972,GDP (current US$),NY.GDP.MKTP.CD,24515919216.8851,False,1970s
South Africa,ZAF,1973,GDP (current US$),NY.GDP.MKTP.CD,33262772008.1446,False,1970s
South Africa,ZAF,1974,GDP (current US$),NY.GDP.MKTP.CD,41389186094.5992,False,1970s
South Africa,ZAF,1975,GDP (current US$),NY.GDP.MKTP.CD,42906905672.42,False,1970s
South Africa,ZAF,1976,GDP (current US$),NY.GDP.MKTP.CD,41150460287.6151,False,1970s
South Africa,ZAF,1977,GDP (current US$),NY.GDP.MKTP.CD,45328411332.1028,False,1970s
South Africa,ZAF,1978,GDP (current US$),NY.GDP.MKTP.CD,51607412901.8532,False,1970s
South Africa,ZAF,1979,GDP (current US$),NY.GDP.MKTP.CD,63038658088.9121,False,1970s
South Africa,ZAF,1980,GDP (current US$),NY.GDP.MKTP.CD,89411864402.4272,False,1980s
South Africa,ZAF,1981,GDP (current US$),NY.GDP.MKTP.CD,93141472163.7596,False,1980s
South Africa,ZAF,1982,GDP (current US$),NY.GDP.MKTP.CD,85904057409.3585,False,1980s
South Africa,ZAF,1983,GDP (current US$),NY.GDP.MKTP.CD,96204110941.5672,False,1980s
South Africa,ZAF,1984,GDP (current US$),NY.GDP.MKTP.CD,84870163365.9306,False,1980s
South Africa,ZAF,1985,GDP (current US$),NY.GDP.MKTP.CD,64459376086.6883,False,1980s
South Africa,ZAF,1986,GDP (current US$),NY.GDP.MKTP.CD,73354771399.2627,False,1980s
South Africa,ZAF,1987,GDP (current US$),NY.GDP.MKTP.CD,96535763418.3729,False,1980s
South Africa,ZAF,1988,GDP (current US$),NY.GDP.MKTP.CD,103976831870.957,False,1980s
South Africa,ZAF,1989,GDP (current US$),NY.GDP.MKTP.CD,108055624081.806,False,1980s
South Africa,ZAF,1990,GDP (current US$),NY.GDP.MKTP.CD,126048140141.869,False,1990s
South Africa,ZAF,1991,GDP (current US$),NY.GDP.MKTP.CD,135203698237.977,False,1990s
South Africa,ZAF,1992,GDP (current US$),NY.GDP.MKTP.CD,146956150986.636,False,1990s
South Africa,ZAF,1993,GDP (current US$),NY.GDP.MKTP.CD,147194747565.75,False,1990s
South Africa,ZAF,1994,GDP (current US$),NY.GDP.MKTP.CD,153512712381.836,False,1990s
South Africa,ZAF,1995,GDP (current US$),NY.GDP.MKTP.CD,171735933897.331,False,1990s
South Africa,ZAF,1996,GDP (current US$),NY.GDP.MKTP.CD,163234925380.563,False,1990s
South Africa,ZAF,1997,GDP (current US$),NY.GDP.MKTP.CD,168978057327.73,False,1990s
South Africa,ZAF,1998,GDP (current US$),NY.GDP.MKTP.CD,152982984557.233,False,1990s
South Africa,ZAF,1999,GDP (current US$),NY.GDP.MKTP.CD,151516957078.536,False,1990s
South Africa,ZAF,2000,GDP (current US$),NY.GDP.MKTP.CD,151752757215.309,False,2000s
South Africa,ZAF,2001,GDP (current US$),NY.GDP.MKTP.CD,135429905922.526,False,2000s
South Africa,ZAF,2002,GDP (current US$),NY.GDP.MKTP.CD,129087556612.449,False,2000s
South Africa,ZAF,2003,GDP (current US$),NY.GDP.MKTP.CD,197018965308.697,False,2000s
South Africa,ZAF,2004,GDP (current US$),NY.GDP.MKTP.CD,255806908594.573,False,2000s
South Africa,ZAF,2005,GDP (current US$),NY.GDP.MKTP.CD,288867217196.534,False,2000s
South Africa,ZAF,2006,GDP (current US$),NY.GDP.MKTP.CD,303858675363.643,False,2000s
South Africa,ZAF,2007,GDP (current US$),NY.GDP.MKTP.CD,333077117253.684,False,2000s
South Africa,ZAF,2008,GDP (current US$),NY.GDP.MKTP.CD,316131258616.309,False,2000s
South Africa,ZAF,2009,GDP (current US$),NY.GDP.MKTP.CD,329754060647.129,False,2000s
South Africa,ZAF,2010,GDP (current US$),NY.GDP.MKTP.CD,417363822801.713,False,2010s
South Africa,ZAF,2011,GDP (current US$),NY.GDP.MKTP.CD,458199494830.834,False,2010s
South Africa,ZAF,2012,GDP (current US$),NY.GDP.MKTP.CD,434400545085.811,False,2010s
South Africa,ZAF,2013,GDP (current US$),NY.GDP.MKTP.CD,400886013595.573,False,2010s
South Africa,ZAF,2014,GDP (current US$),NY.GDP.MKTP.CD,381198869776.106,False,2010s
South Africa,ZAF,2015,GDP (current US$),NY.GDP.MKTP.CD,346709790458.563,False,2010s
South Africa,ZAF,2016,GDP (current US$),NY.GDP.MKTP.CD,323585509674.481,False,2010s
South Africa,ZAF,2017,GDP (current US$),NY.GDP.MKTP.CD,381448814653.456,False,2010s
South Africa,ZAF,2018,GDP (current US$),NY.GDP.MKTP.CD,405260723892.517,False,2010s
South Africa,ZAF,2019,GDP (current US$),NY.GDP.MKTP.CD,389330032224.269,False,2010s
South Africa,ZAF,2020,GDP (current US$),NY.GDP.MKTP.CD,337974655408.055,False,2020s
South Africa,ZAF,2021,GDP (current US$),NY.GDP.MKTP.CD,419986284375.368,False,2020s
South Africa,ZAF,2022,GDP (current US$),NY.GDP.MKTP.CD,407596043067.885,False,2020s
South Africa,ZAF,2023,GDP (current US$),NY.GDP.MKTP.CD,381440724491.232,False,2020s
South Africa,ZAF,2024,GDP (current US$),NY.GDP.MKTP.CD,401144998373.585,False,2020s
South Africa,ZAF,2025,GDP (current US$),NY.GDP.MKTP.CD,427184325997.307,False,2020s
South Africa,ZAF,1960,GDP per capita (current US$),NY.GDP.PCAP.CD,532.147504330332,False,1960s
South Africa,ZAF,1961,GDP per capita (current US$),NY.GDP.PCAP.CD,545.657511922673,False,1960s
South Africa,ZAF,1962,GDP per capita (current US$),NY.GDP.PCAP.CD,563.423008817945,False,1960s
South Africa,ZAF,1963,GDP per capita (current US$),NY.GDP.PCAP.CD,604.536855270991,False,1960s
South Africa,ZAF,1964,GDP per capita (current US$),NY.GDP.PCAP.CD,645.873375685446,False,1960s
South Africa,ZAF,1965,GDP per capita (current US$),NY.GDP.PCAP.CD,684.62122774035,False,1960s
South Africa,ZAF,1966,GDP per capita (current US$),NY.GDP.PCAP.CD,721.75375941418,False,1960s
South Africa,ZAF,1967,GDP per capita (current US$),NY.GDP.PCAP.CD,778.839335829791,False,1960s
South Africa,ZAF,1968,GDP per capita (current US$),NY.GDP.PCAP.CD,817.128340614066,False,1960s
South Africa,ZAF,1969,GDP per capita (current US$),NY.GDP.PCAP.CD,890.922089102936,False,1960s
South Africa,ZAF,1970,GDP per capita (current US$),NY.GDP.PCAP.CD,952.352188073537,False,1970s
South Africa,ZAF,1971,GDP per capita (current US$),NY.GDP.PCAP.CD,1020.43983590718,False,1970s
South Africa,ZAF,1972,GDP per capita (current US$),NY.GDP.PCAP.CD,1038.39407468283,False,1970s
South Africa,ZAF,1973,GDP per capita (current US$),NY.GDP.PCAP.CD,1369.16160033933,False,1970s
South Africa,ZAF,1974,GDP per capita (current US$),NY.GDP.PCAP.CD,1656.2890557998,False,1970s
South Africa,ZAF,1975,GDP per capita (current US$),NY.GDP.PCAP.CD,1670.11816898954,False,1970s
South Africa,ZAF,1976,GDP per capita (current US$),NY.GDP.PCAP.CD,1558.99824733487,False,1970s
South Africa,ZAF,1977,GDP per capita (current US$),NY.GDP.PCAP.CD,1671.46618837272,False,1970s
South Africa,ZAF,1978,GDP per capita (current US$),NY.GDP.PCAP.CD,1851.75191300848,False,1970s
South Africa,ZAF,1979,GDP per capita (current US$),NY.GDP.PCAP.CD,2201.51922339868,False,1970s
South Africa,ZAF,1980,GDP per capita (current US$),NY.GDP.PCAP.CD,3028.97447561832,False,1980s
South Africa,ZAF,1981,GDP per capita (current US$),NY.GDP.PCAP.CD,3049.71474333882,False,1980s
South Africa,ZAF,1982,GDP per capita (current US$),NY.GDP.PCAP.CD,2717.16388710425,False,1980s
South Africa,ZAF,1983,GDP per capita (current US$),NY.GDP.PCAP.CD,2938.48980239675,False,1980s
South Africa,ZAF,1984,GDP per capita (current US$),NY.GDP.PCAP.CD,2504.07736790289,False,1980s
South Africa,ZAF,1985,GDP per capita (current US$),NY.GDP.PCAP.CD,1839.4841908184,False,1980s
South Africa,ZAF,1986,GDP per capita (current US$),NY.GDP.PCAP.CD,2027.4662038189,False,1980s
South Africa,ZAF,1987,GDP per capita (current US$),NY.GDP.PCAP.CD,2586.27423314228,False,1980s
South Africa,ZAF,1988,GDP per capita (current US$),NY.GDP.PCAP.CD,2702.05504774508,False,1980s
South Africa,ZAF,1989,GDP per capita (current US$),NY.GDP.PCAP.CD,2726.70980679488,False,1980s
South Africa,ZAF,1990,GDP per capita (current US$),NY.GDP.PCAP.CD,3093.48920352334,False,1990s
South Africa,ZAF,1991,GDP per capita (current US$),NY.GDP.PCAP.CD,3243.23616023953,False,1990s
South Africa,ZAF,1992,GDP per capita (current US$),NY.GDP.PCAP.CD,3462.39400202835,False,1990s
South Africa,ZAF,1993,GDP per capita (current US$),NY.GDP.PCAP.CD,3399.64009566241,False,1990s
South Africa,ZAF,1994,GDP per capita (current US$),NY.GDP.PCAP.CD,3488.59711541763,False,1990s
South Africa,ZAF,1995,GDP per capita (current US$),NY.GDP.PCAP.CD,3855.6340871567,False,1990s
South Africa,ZAF,1996,GDP per capita (current US$),NY.GDP.PCAP.CD,3617.55336002932,False,1990s
South Africa,ZAF,1997,GDP per capita (current US$),NY.GDP.PCAP.CD,3700.23554789867,False,1990s
South Africa,ZAF,1998,GDP per capita (current US$),NY.GDP.PCAP.CD,3309.60933087472,False,1990s
South Africa,ZAF,1999,GDP per capita (current US$),NY.GDP.PCAP.CD,3242.36830483958,False,1990s
South Africa,ZAF,2000,GDP per capita (current US$),NY.GDP.PCAP.CD,3217.84693448467,False,2000s
South Africa,ZAF,2001,GDP per capita (current US$),NY.GDP.PCAP.CD,2847.15191945908,False,2000s
South Africa,ZAF,2002,GDP per capita (current US$),NY.GDP.PCAP.CD,2688.23676032806,False,2000s
South Africa,ZAF,2003,GDP per capita (current US$),NY.GDP.PCAP.CD,4062.21755993786,False,2000s
South Africa,ZAF,2004,GDP per capita (current US$),NY.GDP.PCAP.CD,5221.46333731721,False,2000s
South Africa,ZAF,2005,GDP per capita (current US$),NY.GDP.PCAP.CD,5836.87663325127,False,2000s
South Africa,ZAF,2006,GDP per capita (current US$),NY.GDP.PCAP.CD,6077.38293388876,False,2000s
South Africa,ZAF,2007,GDP per capita (current US$),NY.GDP.PCAP.CD,6591.85535960564,False,2000s
South Africa,ZAF,2008,GDP per capita (current US$),NY.GDP.PCAP.CD,6184.75474328399,False,2000s
South Africa,ZAF,2009,GDP per capita (current US$),NY.GDP.PCAP.CD,6374.70560042992,False,2000s
South Africa,ZAF,2010,GDP per capita (current US$),NY.GDP.PCAP.CD,7973.47195771517,False,2010s
South Africa,ZAF,2011,GDP per capita (current US$),NY.GDP.PCAP.CD,8646.05571071635,False,2010s
South Africa,ZAF,2012,GDP per capita (current US$),NY.GDP.PCAP.CD,8076.97678479741,False,2010s
South Africa,ZAF,2013,GDP per capita (current US$),NY.GDP.PCAP.CD,7331.65467384919,False,2010s
South Africa,ZAF,2014,GDP per capita (current US$),NY.GDP.PCAP.CD,6856.73137092522,False,2010s
South Africa,ZAF,2015,GDP per capita (current US$),NY.GDP.PCAP.CD,6112.27382485974,False,2010s
South Africa,ZAF,2016,GDP per capita (current US$),NY.GDP.PCAP.CD,5651.20585165749,False,2010s
South Africa,ZAF,2017,GDP per capita (current US$),NY.GDP.PCAP.CD,6618.33508255701,False,2010s
South Africa,ZAF,2018,GDP per capita (current US$),NY.GDP.PCAP.CD,6914.1780318076,False,2010s
South Africa,ZAF,2019,GDP per capita (current US$),NY.GDP.PCAP.CD,6533.71121032856,False,2010s
South Africa,ZAF,2020,GDP per capita (current US$),NY.GDP.PCAP.CD,5580.60383075189,False,2020s
South Africa,ZAF,2021,GDP per capita (current US$),NY.GDP.PCAP.CD,6828.75624590017,False,2020s
South Africa,ZAF,2022,GDP per capita (current US$),NY.GDP.PCAP.CD,6534.24867783397,False,2020s
South Africa,ZAF,2023,GDP per capita (current US$),NY.GDP.PCAP.CD,6034.27208964673,False,2020s
South Africa,ZAF,2024,GDP per capita (current US$),NY.GDP.PCAP.CD,6267.186814093,False,2020s
South Africa,ZAF,2025,GDP per capita (current US$),NY.GDP.PCAP.CD,6597.71450918774,False,2020s
South Africa,ZAF,1960,Inflation,FP.CPI.TOTL.ZG,1.28887692687992,False,1960s
South Africa,ZAF,1961,Inflation,FP.CPI.TOTL.ZG,2.10235059955978,False,1960s
South Africa,ZAF,1962,Inflation,FP.CPI.TOTL.ZG,1.24627519965495,False,1960s
South Africa,ZAF,1963,Inflation,FP.CPI.TOTL.ZG,1.33797064490693,False,1960s
South Africa,ZAF,1964,Inflation,FP.CPI.TOTL.ZG,2.53498854234898,False,1960s
South Africa,ZAF,1965,Inflation,FP.CPI.TOTL.ZG,4.06901853294584,False,1960s
South Africa,ZAF,1966,Inflation,FP.CPI.TOTL.ZG,3.48923715385175,False,1960s
South Africa,ZAF,1967,Inflation,FP.CPI.TOTL.ZG,3.53896580236233,False,1960s
South Africa,ZAF,1968,Inflation,FP.CPI.TOTL.ZG,1.98613362103222,False,1960s
South Africa,ZAF,1969,Inflation,FP.CPI.TOTL.ZG,3.23821721585667,False,1960s
South Africa,ZAF,1970,Inflation,FP.CPI.TOTL.ZG,4.99192455435617,False,1970s
South Africa,ZAF,1971,Inflation,FP.CPI.TOTL.ZG,5.95742085213486,False,1970s
South Africa,ZAF,1972,Inflation,FP.CPI.TOTL.ZG,6.42567638879175,False,1970s
South Africa,ZAF,1973,Inflation,FP.CPI.TOTL.ZG,9.43398376978394,False,1970s
South Africa,ZAF,1974,Inflation,FP.CPI.TOTL.ZG,11.7241315190611,False,1970s
South Africa,ZAF,1975,Inflation,FP.CPI.TOTL.ZG,13.4259248530376,False,1970s
South Africa,ZAF,1976,Inflation,FP.CPI.TOTL.ZG,11.0204105892452,False,1970s
South Africa,ZAF,1977,Inflation,FP.CPI.TOTL.ZG,11.15195783193,False,1970s
South Africa,ZAF,1978,Inflation,FP.CPI.TOTL.ZG,11.1356088829565,False,1970s
South Africa,ZAF,1979,Inflation,FP.CPI.TOTL.ZG,13.2936624628059,False,1970s
South Africa,ZAF,1980,Inflation,FP.CPI.TOTL.ZG,13.6602404681115,False,1980s
South Africa,ZAF,1981,Inflation,FP.CPI.TOTL.ZG,15.2542337674194,False,1980s
South Africa,ZAF,1982,Inflation,FP.CPI.TOTL.ZG,14.6390405853128,False,1980s
South Africa,ZAF,1983,Inflation,FP.CPI.TOTL.ZG,12.3032053006006,False,1980s
South Africa,ZAF,1984,Inflation,FP.CPI.TOTL.ZG,11.526481434496,False,1980s
South Africa,ZAF,1985,Inflation,FP.CPI.TOTL.ZG,16.2942252426421,False,1980s
South Africa,ZAF,1986,Inflation,FP.CPI.TOTL.ZG,18.6549230388755,False,1980s
South Africa,ZAF,1987,Inflation,FP.CPI.TOTL.ZG,16.1605948546791,False,1980s
South Africa,ZAF,1988,Inflation,FP.CPI.TOTL.ZG,12.779553083028,False,1980s
South Africa,ZAF,1989,Inflation,FP.CPI.TOTL.ZG,14.7308753982381,False,1980s
South Africa,ZAF,1990,Inflation,FP.CPI.TOTL.ZG,14.3209918914915,False,1990s
South Africa,ZAF,1991,Inflation,FP.CPI.TOTL.ZG,15.3347785733672,False,1990s
South Africa,ZAF,1992,Inflation,FP.CPI.TOTL.ZG,13.874703748615,False,1990s
South Africa,ZAF,1993,Inflation,FP.CPI.TOTL.ZG,9.71742729803028,False,1990s
South Africa,ZAF,1994,Inflation,FP.CPI.TOTL.ZG,8.938563723594,False,1990s
South Africa,ZAF,1995,Inflation,FP.CPI.TOTL.ZG,8.68042421392631,False,1990s
South Africa,ZAF,1996,Inflation,FP.CPI.TOTL.ZG,7.35411972085333,False,1990s
South Africa,ZAF,1997,Inflation,FP.CPI.TOTL.ZG,8.59777611252274,False,1990s
South Africa,ZAF,1998,Inflation,FP.CPI.TOTL.ZG,6.88054521037351,False,1990s
South Africa,ZAF,1999,Inflation,FP.CPI.TOTL.ZG,5.18148905111697,False,1990s
South Africa,ZAF,2000,Inflation,FP.CPI.TOTL.ZG,5.33895913599828,False,2000s
South Africa,ZAF,2001,Inflation,FP.CPI.TOTL.ZG,5.70189483049608,False,2000s
South Africa,ZAF,2002,Inflation,FP.CPI.TOTL.ZG,9.494713780996,False,2000s
South Africa,ZAF,2003,Inflation,FP.CPI.TOTL.ZG,5.67942414068799,False,2000s
South Africa,ZAF,2004,Inflation,FP.CPI.TOTL.ZG,-0.692039437857687,False,2000s
South Africa,ZAF,2005,Inflation,FP.CPI.TOTL.ZG,2.06285308223427,False,2000s
South Africa,ZAF,2006,Inflation,FP.CPI.TOTL.ZG,3.2439076541923,False,2000s
South Africa,ZAF,2007,Inflation,FP.CPI.TOTL.ZG,6.17781214809388,False,2000s
South Africa,ZAF,2008,Inflation,FP.CPI.TOTL.ZG,9.90998456005467,False,2000s
South Africa,ZAF,2009,Inflation,FP.CPI.TOTL.ZG,7.23809523809527,False,2000s
South Africa,ZAF,2010,Inflation,FP.CPI.TOTL.ZG,4.06749555950263,False,2010s
South Africa,ZAF,2011,Inflation,FP.CPI.TOTL.ZG,5.0008533879502,False,2010s
South Africa,ZAF,2012,Inflation,FP.CPI.TOTL.ZG,5.73797139141739,False,2010s
South Africa,ZAF,2013,Inflation,FP.CPI.TOTL.ZG,5.78016910069176,False,2010s
South Africa,ZAF,2014,Inflation,FP.CPI.TOTL.ZG,6.13282953059149,False,2010s
South Africa,ZAF,2015,Inflation,FP.CPI.TOTL.ZG,4.51869094892506,False,2010s
South Africa,ZAF,2016,Inflation,FP.CPI.TOTL.ZG,6.60290842394872,False,2010s
South Africa,ZAF,2017,Inflation,FP.CPI.TOTL.ZG,5.18618655524149,False,2010s
South Africa,ZAF,2018,Inflation,FP.CPI.TOTL.ZG,4.50987264867388,False,2010s
South Africa,ZAF,2019,Inflation,FP.CPI.TOTL.ZG,4.10285075461156,False,2010s
South Africa,ZAF,2020,Inflation,FP.CPI.TOTL.ZG,3.23238831615113,False,2020s
South Africa,ZAF,2021,Inflation,FP.CPI.TOTL.ZG,4.61874544887136,False,2020s
South Africa,ZAF,2022,Inflation,FP.CPI.TOTL.ZG,7.03987272546482,False,2020s
South Africa,ZAF,2023,Inflation,FP.CPI.TOTL.ZG,6.0752438457966,False,2020s
South Africa,ZAF,2024,Inflation,FP.CPI.TOTL.ZG,4.36115246518962,False,2020s
South Africa,ZAF,2025,Inflation,FP.CPI.TOTL.ZG,3.20550474112603,False,2020s
South Africa,ZAF,1960,Internet users,IT.NET.USER.ZS,,False,1960s
South Africa,ZAF,1961,Internet users,IT.NET.USER.ZS,,False,1960s
South Africa,ZAF,1962,Internet users,IT.NET.USER.ZS,,False,1960s
South Africa,ZAF,1963,Internet users,IT.NET.USER.ZS,,False,1960s
South Africa,ZAF,1964,Internet users,IT.NET.USER.ZS,,False,1960s
South Africa,ZAF,1965,Internet users,IT.NET.USER.ZS,,False,1960s
South Africa,ZAF,1966,Internet users,IT.NET.USER.ZS,,False,1960s
South Africa,ZAF,1967,Internet users,IT.NET.USER.ZS,,False,1960s
South Africa,ZAF,1968,Internet users,IT.NET.USER.ZS,,False,1960s
South Africa,ZAF,1969,Internet users,IT.NET.USER.ZS,,False,1960s
South Africa,ZAF,1970,Internet users,IT.NET.USER.ZS,,False,1970s
South Africa,ZAF,1971,Internet users,IT.NET.USER.ZS,,False,1970s
South Africa,ZAF,1972,Internet users,IT.NET.USER.ZS,,False,1970s
South Africa,ZAF,1973,Internet users,IT.NET.USER.ZS,,False,1970s
South Africa,ZAF,1974,Internet users,IT.NET.USER.ZS,,False,1970s
South Africa,ZAF,1975,Internet users,IT.NET.USER.ZS,,False,1970s
South Africa,ZAF,1976,Internet users,IT.NET.USER.ZS,,False,1970s
South Africa,ZAF,1977,Internet users,IT.NET.USER.ZS,,False,1970s
South Africa,ZAF,1978,Internet users,IT.NET.USER.ZS,,False,1970s
South Africa,ZAF,1979,Internet users,IT.NET.USER.ZS,,False,1970s
South Africa,ZAF,1980,Internet users,IT.NET.USER.ZS,,False,1980s
South Africa,ZAF,1981,Internet users,IT.NET.USER.ZS,,False,1980s
South Africa,ZAF,1982,Internet users,IT.NET.USER.ZS,,False,1980s
South Africa,ZAF,1983,Internet users,IT.NET.USER.ZS,,False,1980s
South Africa,ZAF,1984,Internet users,IT.NET.USER.ZS,,False,1980s
South Africa,ZAF,1985,Internet users,IT.NET.USER.ZS,,False,1980s
South Africa,ZAF,1986,Internet users,IT.NET.USER.ZS,,False,1980s
South Africa,ZAF,1987,Internet users,IT.NET.USER.ZS,,False,1980s
South Africa,ZAF,1988,Internet users,IT.NET.USER.ZS,,False,1980s
South Africa,ZAF,1989,Internet users,IT.NET.USER.ZS,,False,1980s
South Africa,ZAF,1990,Internet users,IT.NET.USER.ZS,0.0,False,1990s
South Africa,ZAF,1991,Internet users,IT.NET.USER.ZS,0.0133,False,1990s
South Africa,ZAF,1992,Internet users,IT.NET.USER.ZS,0.0389,False,1990s
South Africa,ZAF,1993,Internet users,IT.NET.USER.ZS,0.114,False,1990s
South Africa,ZAF,1994,Internet users,IT.NET.USER.ZS,0.247,False,1990s
South Africa,ZAF,1995,Internet users,IT.NET.USER.ZS,0.677,False,1990s
South Africa,ZAF,1996,Internet users,IT.NET.USER.ZS,0.842,False,1990s
South Africa,ZAF,1997,Internet users,IT.NET.USER.ZS,1.63,False,1990s
South Africa,ZAF,1998,Internet users,IT.NET.USER.ZS,2.91,False,1990s
South Africa,ZAF,1999,Internet users,IT.NET.USER.ZS,4.12,False,1990s
South Africa,ZAF,2000,Internet users,IT.NET.USER.ZS,5.34855973203537,False,2000s
South Africa,ZAF,2001,Internet users,IT.NET.USER.ZS,6.34661931839768,False,2000s
South Africa,ZAF,2002,Internet users,IT.NET.USER.ZS,6.71032243705404,False,2000s
South Africa,ZAF,2003,Internet users,IT.NET.USER.ZS,7.00769172611251,False,2000s
South Africa,ZAF,2004,Internet users,IT.NET.USER.ZS,8.4251186825406,False,2000s
South Africa,ZAF,2005,Internet users,IT.NET.USER.ZS,7.48854252992921,False,2000s
South Africa,ZAF,2006,Internet users,IT.NET.USER.ZS,7.60713967477381,False,2000s
South Africa,ZAF,2007,Internet users,IT.NET.USER.ZS,8.06537517355504,False,2000s
South Africa,ZAF,2008,Internet users,IT.NET.USER.ZS,8.43,False,2000s
South Africa,ZAF,2009,Internet users,IT.NET.USER.ZS,10.0,False,2000s
South Africa,ZAF,2010,Internet users,IT.NET.USER.ZS,24.0,False,2010s
South Africa,ZAF,2011,Internet users,IT.NET.USER.ZS,33.97,False,2010s
South Africa,ZAF,2012,Internet users,IT.NET.USER.ZS,41.0,False,2010s
South Africa,ZAF,2013,Internet users,IT.NET.USER.ZS,46.5,False,2010s
South Africa,ZAF,2014,Internet users,IT.NET.USER.ZS,49.0,False,2010s
South Africa,ZAF,2015,Internet users,IT.NET.USER.ZS,51.91910172,False,2010s
South Africa,ZAF,2016,Internet users,IT.NET.USER.ZS,54.0,False,2010s
South Africa,ZAF,2017,Internet users,IT.NET.USER.ZS,56.16740036,False,2010s
South Africa,ZAF,2018,Internet users,IT.NET.USER.ZS,62.40000153,False,2010s
South Africa,ZAF,2019,Internet users,IT.NET.USER.ZS,69.69689941,False,2010s
South Africa,ZAF,2020,Internet users,IT.NET.USER.ZS,72.1128006,False,2020s
South Africa,ZAF,2021,Internet users,IT.NET.USER.ZS,74.96859741,False,2020s
South Africa,ZAF,2022,Internet users,IT.NET.USER.ZS,78.29319763,False,2020s
South Africa,ZAF,2023,Internet users,IT.NET.USER.ZS,78.33670044,False,2020s
South Africa,ZAF,2024,Internet users,IT.NET.USER.ZS,78.35759735,False,2020s
South Africa,ZAF,2025,Internet users,IT.NET.USER.ZS,,False,2020s
South Africa,ZAF,1960,Life expectancy,SP.DYN.LE00.IN,52.575,False,1960s
South Africa,ZAF,1961,Life expectancy,SP.DYN.LE00.IN,53.067,False,1960s
South Africa,ZAF,1962,Life expectancy,SP.DYN.LE00.IN,53.566,False,1960s
South Africa,ZAF,1963,Life expectancy,SP.DYN.LE00.IN,53.895,False,1960s
South Africa,ZAF,1964,Life expectancy,SP.DYN.LE00.IN,54.215,False,1960s
South Africa,ZAF,1965,Life expectancy,SP.DYN.LE00.IN,54.427,False,1960s
South Africa,ZAF,1966,Life expectancy,SP.DYN.LE00.IN,54.731,False,1960s
South Africa,ZAF,1967,Life expectancy,SP.DYN.LE00.IN,54.955,False,1960s
South Africa,ZAF,1968,Life expectancy,SP.DYN.LE00.IN,55.191,False,1960s
South Africa,ZAF,1969,Life expectancy,SP.DYN.LE00.IN,55.44,False,1960s
South Africa,ZAF,1970,Life expectancy,SP.DYN.LE00.IN,55.681,False,1970s
South Africa,ZAF,1971,Life expectancy,SP.DYN.LE00.IN,56.02,False,1970s
South Africa,ZAF,1972,Life expectancy,SP.DYN.LE00.IN,56.377,False,1970s
South Africa,ZAF,1973,Life expectancy,SP.DYN.LE00.IN,56.72,False,1970s
South Africa,ZAF,1974,Life expectancy,SP.DYN.LE00.IN,57.11,False,1970s
South Africa,ZAF,1975,Life expectancy,SP.DYN.LE00.IN,57.591,False,1970s
South Africa,ZAF,1976,Life expectancy,SP.DYN.LE00.IN,58.0,False,1970s
South Africa,ZAF,1977,Life expectancy,SP.DYN.LE00.IN,58.48,False,1970s
South Africa,ZAF,1978,Life expectancy,SP.DYN.LE00.IN,58.991,False,1970s
South Africa,ZAF,1979,Life expectancy,SP.DYN.LE00.IN,59.472,False,1970s
South Africa,ZAF,1980,Life expectancy,SP.DYN.LE00.IN,59.961,False,1980s
South Africa,ZAF,1981,Life expectancy,SP.DYN.LE00.IN,60.445,False,1980s
South Africa,ZAF,1982,Life expectancy,SP.DYN.LE00.IN,60.936,False,1980s
South Africa,ZAF,1983,Life expectancy,SP.DYN.LE00.IN,61.393,False,1980s
South Africa,ZAF,1984,Life expectancy,SP.DYN.LE00.IN,61.837,False,1980s
South Africa,ZAF,1985,Life expectancy,SP.DYN.LE00.IN,62.195,False,1980s
South Africa,ZAF,1986,Life expectancy,SP.DYN.LE00.IN,62.421,False,1980s
South Africa,ZAF,1987,Life expectancy,SP.DYN.LE00.IN,62.694,False,1980s
South Africa,ZAF,1988,Life expectancy,SP.DYN.LE00.IN,62.902,False,1980s
South Africa,ZAF,1989,Life expectancy,SP.DYN.LE00.IN,63.017,False,1980s
South Africa,ZAF,1990,Life expectancy,SP.DYN.LE00.IN,62.942,False,1990s
South Africa,ZAF,1991,Life expectancy,SP.DYN.LE00.IN,62.983,False,1990s
South Africa,ZAF,1992,Life expectancy,SP.DYN.LE00.IN,62.839,False,1990s
South Africa,ZAF,1993,Life expectancy,SP.DYN.LE00.IN,62.618,False,1990s
South Africa,ZAF,1994,Life expectancy,SP.DYN.LE00.IN,62.069,False,1990s
South Africa,ZAF,1995,Life expectancy,SP.DYN.LE00.IN,61.603,False,1990s
South Africa,ZAF,1996,Life expectancy,SP.DYN.LE00.IN,61.079,False,1990s
South Africa,ZAF,1997,Life expectancy,SP.DYN.LE00.IN,60.538,False,1990s
South Africa,ZAF,1998,Life expectancy,SP.DYN.LE00.IN,59.912,False,1990s
South Africa,ZAF,1999,Life expectancy,SP.DYN.LE00.IN,59.19,False,1990s
South Africa,ZAF,2000,Life expectancy,SP.DYN.LE00.IN,58.368,False,2000s
South Africa,ZAF,2001,Life expectancy,SP.DYN.LE00.IN,57.161,False,2000s
South Africa,ZAF,2002,Life expectancy,SP.DYN.LE00.IN,55.58,False,2000s
South Africa,ZAF,2003,Life expectancy,SP.DYN.LE00.IN,54.245,False,2000s
South Africa,ZAF,2004,Life expectancy,SP.DYN.LE00.IN,53.963,False,2000s
South Africa,ZAF,2005,Life expectancy,SP.DYN.LE00.IN,53.914,False,2000s
South Africa,ZAF,2006,Life expectancy,SP.DYN.LE00.IN,54.22,False,2000s
South Africa,ZAF,2007,Life expectancy,SP.DYN.LE00.IN,54.948,False,2000s
South Africa,ZAF,2008,Life expectancy,SP.DYN.LE00.IN,55.982,False,2000s
South Africa,ZAF,2009,Life expectancy,SP.DYN.LE00.IN,57.413,False,2000s
South Africa,ZAF,2010,Life expectancy,SP.DYN.LE00.IN,58.886,False,2010s
South Africa,ZAF,2011,Life expectancy,SP.DYN.LE00.IN,60.602,False,2010s
South Africa,ZAF,2012,Life expectancy,SP.DYN.LE00.IN,61.737,False,2010s
South Africa,ZAF,2013,Life expectancy,SP.DYN.LE00.IN,62.388,False,2010s
South Africa,ZAF,2014,Life expectancy,SP.DYN.LE00.IN,63.184,False,2010s
South Africa,ZAF,2015,Life expectancy,SP.DYN.LE00.IN,64.053,False,2010s
South Africa,ZAF,2016,Life expectancy,SP.DYN.LE00.IN,64.749,False,2010s
South Africa,ZAF,2017,Life expectancy,SP.DYN.LE00.IN,65.422,False,2010s
South Africa,ZAF,2018,Life expectancy,SP.DYN.LE00.IN,65.726,False,2010s
South Africa,ZAF,2019,Life expectancy,SP.DYN.LE00.IN,66.071,False,2010s
South Africa,ZAF,2020,Life expectancy,SP.DYN.LE00.IN,65.15,False,2020s
South Africa,ZAF,2021,Life expectancy,SP.DYN.LE00.IN,62.01,False,2020s
South Africa,ZAF,2022,Life expectancy,SP.DYN.LE00.IN,65.454,False,2020s
South Africa,ZAF,2023,Life expectancy,SP.DYN.LE00.IN,66.139,False,2020s
South Africa,ZAF,2024,Life expectancy,SP.DYN.LE00.IN,66.312,False,2020s
South Africa,ZAF,2025,Life expectancy,SP.DYN.LE00.IN,,False,2020s
South Africa,ZAF,1960,Population,SP.POP.TOTL,16440172.0,False,1960s
South Africa,ZAF,1961,Population,SP.POP.TOTL,16908035.0,False,1960s
South Africa,ZAF,1962,Population,SP.POP.TOTL,17418522.0,False,1960s
South Africa,ZAF,1963,Population,SP.POP.TOTL,17954564.0,False,1960s
South Africa,ZAF,1964,Population,SP.POP.TOTL,18511361.0,False,1960s
South Africa,ZAF,1965,Population,SP.POP.TOTL,19089380.0,False,1960s
South Africa,ZAF,1966,Population,SP.POP.TOTL,19690087.0,False,1960s
South Africa,ZAF,1967,Population,SP.POP.TOTL,20314066.0,False,1960s
South Africa,ZAF,1968,Population,SP.POP.TOTL,20957287.0,False,1960s
South Africa,ZAF,1969,Population,SP.POP.TOTL,21614676.0,False,1960s
South Africa,ZAF,1970,Population,SP.POP.TOTL,22279984.0,False,1970s
South Africa,ZAF,1971,Population,SP.POP.TOTL,22942143.0,False,1970s
South Africa,ZAF,1972,Population,SP.POP.TOTL,23609456.0,False,1970s
South Africa,ZAF,1973,Population,SP.POP.TOTL,24294263.0,False,1970s
South Africa,ZAF,1974,Population,SP.POP.TOTL,24989108.0,False,1970s
South Africa,ZAF,1975,Population,SP.POP.TOTL,25690940.0,False,1970s
South Africa,ZAF,1976,Population,SP.POP.TOTL,26395450.0,False,1970s
South Africa,ZAF,1977,Population,SP.POP.TOTL,27118952.0,False,1970s
South Africa,ZAF,1978,Population,SP.POP.TOTL,27869507.0,False,1970s
South Africa,ZAF,1979,Population,SP.POP.TOTL,28634162.0,False,1970s
South Africa,ZAF,1980,Population,SP.POP.TOTL,29518857.0,False,1980s
South Africa,ZAF,1981,Population,SP.POP.TOTL,30541044.0,False,1980s
South Africa,ZAF,1982,Population,SP.POP.TOTL,31615339.0,False,1980s
South Africa,ZAF,1983,Population,SP.POP.TOTL,32739304.0,False,1980s
South Africa,ZAF,1984,Population,SP.POP.TOTL,33892788.0,False,1980s
South Africa,ZAF,1985,Population,SP.POP.TOTL,35042093.0,False,1980s
South Africa,ZAF,1986,Population,SP.POP.TOTL,36180515.0,False,1980s
South Africa,ZAF,1987,Population,SP.POP.TOTL,37326190.0,False,1980s
South Africa,ZAF,1988,Population,SP.POP.TOTL,38480649.0,False,1980s
South Africa,ZAF,1989,Population,SP.POP.TOTL,39628575.0,False,1980s
South Africa,ZAF,1990,Population,SP.POP.TOTL,40746268.0,False,1990s
South Africa,ZAF,1991,Population,SP.POP.TOTL,41687898.0,False,1990s
South Africa,ZAF,1992,Population,SP.POP.TOTL,42443509.0,False,1990s
South Africa,ZAF,1993,Population,SP.POP.TOTL,43297156.0,False,1990s
South Africa,ZAF,1994,Population,SP.POP.TOTL,44004139.0,False,1990s
South Africa,ZAF,1995,Population,SP.POP.TOTL,44541554.0,False,1990s
South Africa,ZAF,1996,Population,SP.POP.TOTL,45123018.0,False,1990s
South Africa,ZAF,1997,Population,SP.POP.TOTL,45666838.0,False,1990s
South Africa,ZAF,1998,Population,SP.POP.TOTL,46223880.0,False,1990s
South Africa,ZAF,1999,Population,SP.POP.TOTL,46730335.0,False,1990s
South Africa,ZAF,2000,Population,SP.POP.TOTL,47159719.0,False,2000s
South Africa,ZAF,2001,Population,SP.POP.TOTL,47566800.0,False,2000s
South Africa,ZAF,2002,Population,SP.POP.TOTL,48019415.0,False,2000s
South Africa,ZAF,2003,Population,SP.POP.TOTL,48500348.0,False,2000s
South Africa,ZAF,2004,Population,SP.POP.TOTL,48991421.0,False,2000s
South Africa,ZAF,2005,Population,SP.POP.TOTL,49490033.0,False,2000s
South Africa,ZAF,2006,Population,SP.POP.TOTL,49998277.0,False,2000s
South Africa,ZAF,2007,Population,SP.POP.TOTL,50528584.0,False,2000s
South Africa,ZAF,2008,Population,SP.POP.TOTL,51114599.0,False,2000s
South Africa,ZAF,2009,Population,SP.POP.TOTL,51728516.0,False,2000s
South Africa,ZAF,2010,Population,SP.POP.TOTL,52344051.0,False,2010s
South Africa,ZAF,2011,Population,SP.POP.TOTL,52995205.0,False,2010s
South Africa,ZAF,2012,Population,SP.POP.TOTL,53782567.0,False,2010s
South Africa,ZAF,2013,Population,SP.POP.TOTL,54678791.0,False,2010s
South Africa,ZAF,2014,Population,SP.POP.TOTL,55594838.0,False,2010s
South Africa,ZAF,2015,Population,SP.POP.TOTL,56723537.0,False,2010s
South Africa,ZAF,2016,Population,SP.POP.TOTL,57259551.0,False,2010s
South Africa,ZAF,2017,Population,SP.POP.TOTL,57635162.0,False,2010s
South Africa,ZAF,2018,Population,SP.POP.TOTL,58613001.0,False,2010s
South Africa,ZAF,2019,Population,SP.POP.TOTL,59587885.0,False,2010s
South Africa,ZAF,2020,Population,SP.POP.TOTL,60562381.0,False,2020s
South Africa,ZAF,2021,Population,SP.POP.TOTL,61502603.0,False,2020s
South Africa,ZAF,2022,Population,SP.POP.TOTL,62378410.0,False,2020s
South Africa,ZAF,2023,Population,SP.POP.TOTL,63212384.0,False,2020s
South Africa,ZAF,2024,Population,SP.POP.TOTL,64007187.0,False,2020s
South Africa,ZAF,2025,Population,SP.POP.TOTL,64747319.0,False,2020s
South Africa,ZAF,1960,Unemployment,SL.UEM.TOTL.ZS,,False,1960s
South Africa,ZAF,1961,Unemployment,SL.UEM.TOTL.ZS,,False,1960s
South Africa,ZAF,1962,Unemployment,SL.UEM.TOTL.ZS,,False,1960s
South Africa,ZAF,1963,Unemployment,SL.UEM.TOTL.ZS,,False,1960s
South Africa,ZAF,1964,Unemployment,SL.UEM.TOTL.ZS,,False,1960s
South Africa,ZAF,1965,Unemployment,SL.UEM.TOTL.ZS,,False,1960s
South Africa,ZAF,1966,Unemployment,SL.UEM.TOTL.ZS,,False,1960s
South Africa,ZAF,1967,Unemployment,SL.UEM.TOTL.ZS,,False,1960s
South Africa,ZAF,1968,Unemployment,SL.UEM.TOTL.ZS,,False,1960s
South Africa,ZAF,1969,Unemployment,SL.UEM.TOTL.ZS,,False,1960s
South Africa,ZAF,1970,Unemployment,SL.UEM.TOTL.ZS,,False,1970s
South Africa,ZAF,1971,Unemployment,SL.UEM.TOTL.ZS,,False,1970s
South Africa,ZAF,1972,Unemployment,SL.UEM.TOTL.ZS,,False,1970s
South Africa,ZAF,1973,Unemployment,SL.UEM.TOTL.ZS,,False,1970s
South Africa,ZAF,1974,Unemployment,SL.UEM.TOTL.ZS,,False,1970s
South Africa,ZAF,1975,Unemployment,SL.UEM.TOTL.ZS,,False,1970s
South Africa,ZAF,1976,Unemployment,SL.UEM.TOTL.ZS,,False,1970s
South Africa,ZAF,1977,Unemployment,SL.UEM.TOTL.ZS,,False,1970s
South Africa,ZAF,1978,Unemployment,SL.UEM.TOTL.ZS,,False,1970s
South Africa,ZAF,1979,Unemployment,SL.UEM.TOTL.ZS,,False,1970s
South Africa,ZAF,1980,Unemployment,SL.UEM.TOTL.ZS,,False,1980s
South Africa,ZAF,1981,Unemployment,SL.UEM.TOTL.ZS,,False,1980s
South Africa,ZAF,1982,Unemployment,SL.UEM.TOTL.ZS,,False,1980s
South Africa,ZAF,1983,Unemployment,SL.UEM.TOTL.ZS,,False,1980s
South Africa,ZAF,1984,Unemployment,SL.UEM.TOTL.ZS,,False,1980s
South Africa,ZAF,1985,Unemployment,SL.UEM.TOTL.ZS,,False,1980s
South Africa,ZAF,1986,Unemployment,SL.UEM.TOTL.ZS,,False,1980s
South Africa,ZAF,1987,Unemployment,SL.UEM.TOTL.ZS,,False,1980s
South Africa,ZAF,1988,Unemployment,SL.UEM.TOTL.ZS,,False,1980s
South Africa,ZAF,1989,Unemployment,SL.UEM.TOTL.ZS,,False,1980s
South Africa,ZAF,1990,Unemployment,SL.UEM.TOTL.ZS,,False,1990s
South Africa,ZAF,1991,Unemployment,SL.UEM.TOTL.ZS,23.137,False,1990s
South Africa,ZAF,1992,Unemployment,SL.UEM.TOTL.ZS,23.463,False,1990s
South Africa,ZAF,1993,Unemployment,SL.UEM.TOTL.ZS,23.361,False,1990s
South Africa,ZAF,1994,Unemployment,SL.UEM.TOTL.ZS,23.067,False,1990s
South Africa,ZAF,1995,Unemployment,SL.UEM.TOTL.ZS,22.705,False,1990s
South Africa,ZAF,1996,Unemployment,SL.UEM.TOTL.ZS,22.5,False,1990s
South Africa,ZAF,1997,Unemployment,SL.UEM.TOTL.ZS,22.549,False,1990s
South Africa,ZAF,1998,Unemployment,SL.UEM.TOTL.ZS,22.739,False,1990s
South Africa,ZAF,1999,Unemployment,SL.UEM.TOTL.ZS,22.884,False,1990s
South Africa,ZAF,2000,Unemployment,SL.UEM.TOTL.ZS,22.788,False,2000s
South Africa,ZAF,2001,Unemployment,SL.UEM.TOTL.ZS,22.652,False,2000s
South Africa,ZAF,2002,Unemployment,SL.UEM.TOTL.ZS,22.579,False,2000s
South Africa,ZAF,2003,Unemployment,SL.UEM.TOTL.ZS,22.679,False,2000s
South Africa,ZAF,2004,Unemployment,SL.UEM.TOTL.ZS,22.567,False,2000s
South Africa,ZAF,2005,Unemployment,SL.UEM.TOTL.ZS,22.472,False,2000s
South Africa,ZAF,2006,Unemployment,SL.UEM.TOTL.ZS,22.304,False,2000s
South Africa,ZAF,2007,Unemployment,SL.UEM.TOTL.ZS,22.26,False,2000s
South Africa,ZAF,2008,Unemployment,SL.UEM.TOTL.ZS,22.407,False,2000s
South Africa,ZAF,2009,Unemployment,SL.UEM.TOTL.ZS,23.523,False,2000s
South Africa,ZAF,2010,Unemployment,SL.UEM.TOTL.ZS,24.683,False,2010s
South Africa,ZAF,2011,Unemployment,SL.UEM.TOTL.ZS,24.639,False,2010s
South Africa,ZAF,2012,Unemployment,SL.UEM.TOTL.ZS,24.727,False,2010s
South Africa,ZAF,2013,Unemployment,SL.UEM.TOTL.ZS,24.561,False,2010s
South Africa,ZAF,2014,Unemployment,SL.UEM.TOTL.ZS,24.89,False,2010s
South Africa,ZAF,2015,Unemployment,SL.UEM.TOTL.ZS,25.149,False,2010s
South Africa,ZAF,2016,Unemployment,SL.UEM.TOTL.ZS,26.536,False,2010s
South Africa,ZAF,2017,Unemployment,SL.UEM.TOTL.ZS,27.035,False,2010s
South Africa,ZAF,2018,Unemployment,SL.UEM.TOTL.ZS,26.906,False,2010s
South Africa,ZAF,2019,Unemployment,SL.UEM.TOTL.ZS,28.468,False,2010s
South Africa,ZAF,2020,Unemployment,SL.UEM.TOTL.ZS,29.217,False,2020s
South Africa,ZAF,2021,Unemployment,SL.UEM.TOTL.ZS,34.007,False,2020s
South Africa,ZAF,2022,Unemployment,SL.UEM.TOTL.ZS,33.268,False,2020s
South Africa,ZAF,2023,Unemployment,SL.UEM.TOTL.ZS,32.098,False,2020s
South Africa,ZAF,2024,Unemployment,SL.UEM.TOTL.ZS,32.279,False,2020s
South Africa,ZAF,2025,Unemployment,SL.UEM.TOTL.ZS,32.391,False,2020s
