country,country_code,year,indicator,indicator_code,value
Ghana,GHA,1960,GDP (current US$),NY.GDP.MKTP.CD,1217230094.97205
Ghana,GHA,1961,GDP (current US$),NY.GDP.MKTP.CD,1302674324.88378
Ghana,GHA,1962,GDP (current US$),NY.GDP.MKTP.CD,1382515654.47343
Ghana,GHA,1963,GDP (current US$),NY.GDP.MKTP.CD,1540797588.57221
Ghana,GHA,1964,GDP (current US$),NY.GDP.MKTP.CD,1731296199.52296
Ghana,GHA,1965,GDP (current US$),NY.GDP.MKTP.CD,2053462968.0426
Ghana,GHA,1966,GDP (current US$),NY.GDP.MKTP.CD,2126300672.22965
Ghana,GHA,1967,GDP (current US$),NY.GDP.MKTP.CD,1747187644.9031
Ghana,GHA,1968,GDP (current US$),NY.GDP.MKTP.CD,1666909517.65205
Ghana,GHA,1969,GDP (current US$),NY.GDP.MKTP.CD,1962050555.7775
Ghana,GHA,1970,GDP (current US$),NY.GDP.MKTP.CD,2215028588.45646
Ghana,GHA,1971,GDP (current US$),NY.GDP.MKTP.CD,2417108577.52739
Ghana,GHA,1972,GDP (current US$),NY.GDP.MKTP.CD,2112293279.98507
Ghana,GHA,1973,GDP (current US$),NY.GDP.MKTP.CD,3006766758.43977
Ghana,GHA,1974,GDP (current US$),NY.GDP.MKTP.CD,2894409937.8882
Ghana,GHA,1975,GDP (current US$),NY.GDP.MKTP.CD,2810106382.97872
Ghana,GHA,1976,GDP (current US$),NY.GDP.MKTP.CD,2765254237.28814
Ghana,GHA,1977,GDP (current US$),NY.GDP.MKTP.CD,3189428571.42857
Ghana,GHA,1978,GDP (current US$),NY.GDP.MKTP.CD,3662478184.99127
Ghana,GHA,1979,GDP (current US$),NY.GDP.MKTP.CD,4020227920.22792
Ghana,GHA,1980,GDP (current US$),NY.GDP.MKTP.CD,4445228215.76763
Ghana,GHA,1981,GDP (current US$),NY.GDP.MKTP.CD,4222441860.46512
Ghana,GHA,1982,GDP (current US$),NY.GDP.MKTP.CD,4035994397.7591
Ghana,GHA,1983,GDP (current US$),NY.GDP.MKTP.CD,4057275132.27513
Ghana,GHA,1984,GDP (current US$),NY.GDP.MKTP.CD,4412279843.44423
Ghana,GHA,1985,GDP (current US$),NY.GDP.MKTP.CD,4504306722.68908
Ghana,GHA,1986,GDP (current US$),NY.GDP.MKTP.CD,5735677433.82683
Ghana,GHA,1987,GDP (current US$),NY.GDP.MKTP.CD,5074829931.97279
Ghana,GHA,1988,GDP (current US$),NY.GDP.MKTP.CD,5197765031.64557
Ghana,GHA,1989,GDP (current US$),NY.GDP.MKTP.CD,5251858439.874
Ghana,GHA,1990,GDP (current US$),NY.GDP.MKTP.CD,5889106573.46088
Ghana,GHA,1991,GDP (current US$),NY.GDP.MKTP.CD,6603185267.79643
Ghana,GHA,1992,GDP (current US$),NY.GDP.MKTP.CD,6416103925.83267
Ghana,GHA,1993,GDP (current US$),NY.GDP.MKTP.CD,5968922939.37198
Ghana,GHA,1994,GDP (current US$),NY.GDP.MKTP.CD,5446383726.77047
Ghana,GHA,1995,GDP (current US$),NY.GDP.MKTP.CD,6464382807.67884
Ghana,GHA,1996,GDP (current US$),NY.GDP.MKTP.CD,6932991739.37767
Ghana,GHA,1997,GDP (current US$),NY.GDP.MKTP.CD,6891443192.24985
Ghana,GHA,1998,GDP (current US$),NY.GDP.MKTP.CD,7482069162.42008
Ghana,GHA,1999,GDP (current US$),NY.GDP.MKTP.CD,7718109982.26093
Ghana,GHA,2000,GDP (current US$),NY.GDP.MKTP.CD,4982850662.20851
Ghana,GHA,2001,GDP (current US$),NY.GDP.MKTP.CD,5314872854.4405
Ghana,GHA,2002,GDP (current US$),NY.GDP.MKTP.CD,6166197847.85031
Ghana,GHA,2003,GDP (current US$),NY.GDP.MKTP.CD,7632723555.66221
Ghana,GHA,2004,GDP (current US$),NY.GDP.MKTP.CD,8881417906.71432
Ghana,GHA,2005,GDP (current US$),NY.GDP.MKTP.CD,10744568381.4456
Ghana,GHA,2006,GDP (current US$),NY.GDP.MKTP.CD,20885037596.6963
Ghana,GHA,2007,GDP (current US$),NY.GDP.MKTP.CD,24827339138.4906
Ghana,GHA,2008,GDP (current US$),NY.GDP.MKTP.CD,28679383241.0729
Ghana,GHA,2009,GDP (current US$),NY.GDP.MKTP.CD,26048720005.5233
Ghana,GHA,2010,GDP (current US$),NY.GDP.MKTP.CD,32197655566.5347
Ghana,GHA,2011,GDP (current US$),NY.GDP.MKTP.CD,39336668080.559
Ghana,GHA,2012,GDP (current US$),NY.GDP.MKTP.CD,41271701060.954
Ghana,GHA,2013,GDP (current US$),NY.GDP.MKTP.CD,62845721959.827
Ghana,GHA,2014,GDP (current US$),NY.GDP.MKTP.CD,54678533805.9064
Ghana,GHA,2015,GDP (current US$),NY.GDP.MKTP.CD,49436806230.4839
Ghana,GHA,2016,GDP (current US$),NY.GDP.MKTP.CD,56144179397.8516
Ghana,GHA,2017,GDP (current US$),NY.GDP.MKTP.CD,60385409434.8567
Ghana,GHA,2018,GDP (current US$),NY.GDP.MKTP.CD,67259353965.6087
Ghana,GHA,2019,GDP (current US$),NY.GDP.MKTP.CD,68352629246.1555
Ghana,GHA,2020,GDP (current US$),NY.GDP.MKTP.CD,70008243859.8666
Ghana,GHA,2021,GDP (current US$),NY.GDP.MKTP.CD,79514204730.3979
Ghana,GHA,2022,GDP (current US$),NY.GDP.MKTP.CD,73919003212.1998
Ghana,GHA,2023,GDP (current US$),NY.GDP.MKTP.CD,80547146875.9526
Ghana,GHA,2024,GDP (current US$),NY.GDP.MKTP.CD,83288585604.0268
Ghana,GHA,2025,GDP (current US$),NY.GDP.MKTP.CD,114209905278.717
Ghana,GHA,1960,GDP per capita (current US$),NY.GDP.PCAP.CD,174.858856531804
Ghana,GHA,1961,GDP per capita (current US$),NY.GDP.PCAP.CD,181.870010833085
Ghana,GHA,1962,GDP per capita (current US$),NY.GDP.PCAP.CD,188.421016299893
Ghana,GHA,1963,GDP per capita (current US$),NY.GDP.PCAP.CD,205.037422391885
Ghana,GHA,1964,GDP per capita (current US$),NY.GDP.PCAP.CD,224.968154393354
Ghana,GHA,1965,GDP per capita (current US$),NY.GDP.PCAP.CD,260.50559523622
Ghana,GHA,1966,GDP per capita (current US$),NY.GDP.PCAP.CD,263.334589411514
Ghana,GHA,1967,GDP per capita (current US$),NY.GDP.PCAP.CD,211.219296540365
Ghana,GHA,1968,GDP per capita (current US$),NY.GDP.PCAP.CD,196.668571830464
Ghana,GHA,1969,GDP per capita (current US$),NY.GDP.PCAP.CD,225.772621963554
Ghana,GHA,1970,GDP per capita (current US$),NY.GDP.PCAP.CD,248.159869409818
Ghana,GHA,1971,GDP per capita (current US$),NY.GDP.PCAP.CD,263.408787882235
Ghana,GHA,1972,GDP per capita (current US$),NY.GDP.PCAP.CD,223.80286383233
Ghana,GHA,1973,GDP per capita (current US$),NY.GDP.PCAP.CD,309.509552300391
Ghana,GHA,1974,GDP per capita (current US$),NY.GDP.PCAP.CD,289.425856816508
Ghana,GHA,1975,GDP per capita (current US$),NY.GDP.PCAP.CD,272.976715188503
Ghana,GHA,1976,GDP per capita (current US$),NY.GDP.PCAP.CD,260.998295813107
Ghana,GHA,1977,GDP per capita (current US$),NY.GDP.PCAP.CD,292.28979809499
Ghana,GHA,1978,GDP per capita (current US$),NY.GDP.PCAP.CD,325.598476678233
Ghana,GHA,1979,GDP per capita (current US$),NY.GDP.PCAP.CD,346.653403777697
Ghana,GHA,1980,GDP per capita (current US$),NY.GDP.PCAP.CD,372.252026367961
Ghana,GHA,1981,GDP per capita (current US$),NY.GDP.PCAP.CD,343.799126739425
Ghana,GHA,1982,GDP per capita (current US$),NY.GDP.PCAP.CD,319.206910329791
Ghana,GHA,1983,GDP per capita (current US$),NY.GDP.PCAP.CD,311.383438154949
Ghana,GHA,1984,GDP per capita (current US$),NY.GDP.PCAP.CD,329.998888863111
Ghana,GHA,1985,GDP per capita (current US$),NY.GDP.PCAP.CD,329.714604937014
Ghana,GHA,1986,GDP per capita (current US$),NY.GDP.PCAP.CD,410.711658388611
Ghana,GHA,1987,GDP per capita (current US$),NY.GDP.PCAP.CD,355.153724919203
Ghana,GHA,1988,GDP per capita (current US$),NY.GDP.PCAP.CD,355.121844932881
Ghana,GHA,1989,GDP per capita (current US$),NY.GDP.PCAP.CD,349.964941914982
Ghana,GHA,1990,GDP per capita (current US$),NY.GDP.PCAP.CD,382.54246368354
Ghana,GHA,1991,GDP per capita (current US$),NY.GDP.PCAP.CD,418.254121349986
Ghana,GHA,1992,GDP per capita (current US$),NY.GDP.PCAP.CD,396.426407640517
Ghana,GHA,1993,GDP per capita (current US$),NY.GDP.PCAP.CD,359.800844097528
Ghana,GHA,1994,GDP per capita (current US$),NY.GDP.PCAP.CD,320.50390343252
Ghana,GHA,1995,GDP per capita (current US$),NY.GDP.PCAP.CD,371.537243033836
Ghana,GHA,1996,GDP per capita (current US$),NY.GDP.PCAP.CD,389.271267898831
Ghana,GHA,1997,GDP per capita (current US$),NY.GDP.PCAP.CD,377.841935501461
Ghana,GHA,1998,GDP per capita (current US$),NY.GDP.PCAP.CD,400.366799508524
Ghana,GHA,1999,GDP per capita (current US$),NY.GDP.PCAP.CD,403.037326127273
Ghana,GHA,2000,GDP per capita (current US$),NY.GDP.PCAP.CD,253.746936203344
Ghana,GHA,2001,GDP per capita (current US$),NY.GDP.PCAP.CD,263.542156494853
Ghana,GHA,2002,GDP per capita (current US$),NY.GDP.PCAP.CD,297.46164468774
Ghana,GHA,2003,GDP per capita (current US$),NY.GDP.PCAP.CD,358.39927142073
Ghana,GHA,2004,GDP per capita (current US$),NY.GDP.PCAP.CD,406.132105329565
Ghana,GHA,2005,GDP per capita (current US$),NY.GDP.PCAP.CD,478.611909191028
Ghana,GHA,2006,GDP per capita (current US$),NY.GDP.PCAP.CD,906.441027564887
Ghana,GHA,2007,GDP per capita (current US$),NY.GDP.PCAP.CD,1050.12461524926
Ghana,GHA,2008,GDP per capita (current US$),NY.GDP.PCAP.CD,1182.65761256016
Ghana,GHA,2009,GDP per capita (current US$),NY.GDP.PCAP.CD,1047.70430093586
Ghana,GHA,2010,GDP per capita (current US$),NY.GDP.PCAP.CD,1263.89251760539
Ghana,GHA,2011,GDP per capita (current US$),NY.GDP.PCAP.CD,1507.43573198753
Ghana,GHA,2012,GDP per capita (current US$),NY.GDP.PCAP.CD,1543.77524235764
Ghana,GHA,2013,GDP per capita (current US$),NY.GDP.PCAP.CD,2294.79584693743
Ghana,GHA,2014,GDP per capita (current US$),NY.GDP.PCAP.CD,1949.90832923846
Ghana,GHA,2015,GDP per capita (current US$),NY.GDP.PCAP.CD,1722.77282833606
Ghana,GHA,2016,GDP per capita (current US$),NY.GDP.PCAP.CD,1912.47991339951
Ghana,GHA,2017,GDP per capita (current US$),NY.GDP.PCAP.CD,2012.28662641265
Ghana,GHA,2018,GDP per capita (current US$),NY.GDP.PCAP.CD,2195.32166016377
Ghana,GHA,2019,GDP per capita (current US$),NY.GDP.PCAP.CD,2186.65822682613
Ghana,GHA,2020,GDP per capita (current US$),NY.GDP.PCAP.CD,2195.45481659987
Ghana,GHA,2021,GDP per capita (current US$),NY.GDP.PCAP.CD,2445.18662529344
Ghana,GHA,2022,GDP per capita (current US$),NY.GDP.PCAP.CD,2229.89122654479
Ghana,GHA,2023,GDP per capita (current US$),NY.GDP.PCAP.CD,2383.90410476221
Ghana,GHA,2024,GDP per capita (current US$),NY.GDP.PCAP.CD,2419.2518672482
Ghana,GHA,2025,GDP per capita (current US$),NY.GDP.PCAP.CD,3257.1588903576
Ghana,GHA,1960,Inflation,FP.CPI.TOTL.ZG,
Ghana,GHA,1961,Inflation,FP.CPI.TOTL.ZG,
Ghana,GHA,1962,Inflation,FP.CPI.TOTL.ZG,
Ghana,GHA,1963,Inflation,FP.CPI.TOTL.ZG,
Ghana,GHA,1964,Inflation,FP.CPI.TOTL.ZG,
Ghana,GHA,1965,Inflation,FP.CPI.TOTL.ZG,26.4447848490173
Ghana,GHA,1966,Inflation,FP.CPI.TOTL.ZG,13.2378854626539
Ghana,GHA,1967,Inflation,FP.CPI.TOTL.ZG,-8.42248589780283
Ghana,GHA,1968,Inflation,FP.CPI.TOTL.ZG,7.89473684210539
Ghana,GHA,1969,Inflation,FP.CPI.TOTL.ZG,7.31707316260125
Ghana,GHA,1970,Inflation,FP.CPI.TOTL.ZG,3.03030303053265
Ghana,GHA,1971,Inflation,FP.CPI.TOTL.ZG,9.55882353746772
Ghana,GHA,1972,Inflation,FP.CPI.TOTL.ZG,10.0671140939595
Ghana,GHA,1973,Inflation,FP.CPI.TOTL.ZG,17.6829268231711
Ghana,GHA,1974,Inflation,FP.CPI.TOTL.ZG,18.1347150268463
Ghana,GHA,1975,Inflation,FP.CPI.TOTL.ZG,29.8245614048168
Ghana,GHA,1976,Inflation,FP.CPI.TOTL.ZG,56.0810810829756
Ghana,GHA,1977,Inflation,FP.CPI.TOTL.ZG,116.450216453639
Ghana,GHA,1978,Inflation,FP.CPI.TOTL.ZG,73.091666667343
Ghana,GHA,1979,Inflation,FP.CPI.TOTL.ZG,54.4412883345616
Ghana,GHA,1980,Inflation,FP.CPI.TOTL.ZG,50.0701393436364
Ghana,GHA,1981,Inflation,FP.CPI.TOTL.ZG,116.503603996541
Ghana,GHA,1982,Inflation,FP.CPI.TOTL.ZG,22.2955664080893
Ghana,GHA,1983,Inflation,FP.CPI.TOTL.ZG,122.874514572592
Ghana,GHA,1984,Inflation,FP.CPI.TOTL.ZG,39.6653137947268
Ghana,GHA,1985,Inflation,FP.CPI.TOTL.ZG,10.3054406698295
Ghana,GHA,1986,Inflation,FP.CPI.TOTL.ZG,24.5654160765001
Ghana,GHA,1987,Inflation,FP.CPI.TOTL.ZG,39.8150678775363
Ghana,GHA,1988,Inflation,FP.CPI.TOTL.ZG,31.3592676264768
Ghana,GHA,1989,Inflation,FP.CPI.TOTL.ZG,25.2236920295825
Ghana,GHA,1990,Inflation,FP.CPI.TOTL.ZG,37.2590664855671
Ghana,GHA,1991,Inflation,FP.CPI.TOTL.ZG,18.0314390089849
Ghana,GHA,1992,Inflation,FP.CPI.TOTL.ZG,10.0561167448841
Ghana,GHA,1993,Inflation,FP.CPI.TOTL.ZG,24.9598424742497
Ghana,GHA,1994,Inflation,FP.CPI.TOTL.ZG,24.8702554369576
Ghana,GHA,1995,Inflation,FP.CPI.TOTL.ZG,59.4615536991446
Ghana,GHA,1996,Inflation,FP.CPI.TOTL.ZG,46.5610196762282
Ghana,GHA,1997,Inflation,FP.CPI.TOTL.ZG,27.8852086407527
Ghana,GHA,1998,Inflation,FP.CPI.TOTL.ZG,14.6241666666675
Ghana,GHA,1999,Inflation,FP.CPI.TOTL.ZG,4.86539785077528
Ghana,GHA,2000,Inflation,FP.CPI.TOTL.ZG,40.240933123914
Ghana,GHA,2001,Inflation,FP.CPI.TOTL.ZG,41.509496287803
Ghana,GHA,2002,Inflation,FP.CPI.TOTL.ZG,9.36093239560313
Ghana,GHA,2003,Inflation,FP.CPI.TOTL.ZG,29.7729797160384
Ghana,GHA,2004,Inflation,FP.CPI.TOTL.ZG,18.0427388232565
Ghana,GHA,2005,Inflation,FP.CPI.TOTL.ZG,15.4389920155908
Ghana,GHA,2006,Inflation,FP.CPI.TOTL.ZG,11.6791839392492
Ghana,GHA,2007,Inflation,FP.CPI.TOTL.ZG,10.7342665456292
Ghana,GHA,2008,Inflation,FP.CPI.TOTL.ZG,16.494639613412
Ghana,GHA,2009,Inflation,FP.CPI.TOTL.ZG,19.2469482220857
Ghana,GHA,2010,Inflation,FP.CPI.TOTL.ZG,10.7333898354915
Ghana,GHA,2011,Inflation,FP.CPI.TOTL.ZG,8.7284593709302
Ghana,GHA,2012,Inflation,FP.CPI.TOTL.ZG,11.1863409441067
Ghana,GHA,2013,Inflation,FP.CPI.TOTL.ZG,11.6661923071729
Ghana,GHA,2014,Inflation,FP.CPI.TOTL.ZG,15.4896160333318
Ghana,GHA,2015,Inflation,FP.CPI.TOTL.ZG,17.1499695007878
Ghana,GHA,2016,Inflation,FP.CPI.TOTL.ZG,17.4546347070868
Ghana,GHA,2017,Inflation,FP.CPI.TOTL.ZG,12.3719215507048
Ghana,GHA,2018,Inflation,FP.CPI.TOTL.ZG,7.80876516610703
Ghana,GHA,2019,Inflation,FP.CPI.TOTL.ZG,7.14364003330857
Ghana,GHA,2020,Inflation,FP.CPI.TOTL.ZG,9.88728956269944
Ghana,GHA,2021,Inflation,FP.CPI.TOTL.ZG,9.9710886750444
Ghana,GHA,2022,Inflation,FP.CPI.TOTL.ZG,31.2558951049016
Ghana,GHA,2023,Inflation,FP.CPI.TOTL.ZG,38.1069656296501
Ghana,GHA,2024,Inflation,FP.CPI.TOTL.ZG,22.8483281157842
Ghana,GHA,2025,Inflation,FP.CPI.TOTL.ZG,14.2046755548989
Ghana,GHA,1960,Internet users,IT.NET.USER.ZS,
Ghana,GHA,1961,Internet users,IT.NET.USER.ZS,
Ghana,GHA,1962,Internet users,IT.NET.USER.ZS,
Ghana,GHA,1963,Internet users,IT.NET.USER.ZS,
Ghana,GHA,1964,Internet users,IT.NET.USER.ZS,
Ghana,GHA,1965,Internet users,IT.NET.USER.ZS,
Ghana,GHA,1966,Internet users,IT.NET.USER.ZS,
Ghana,GHA,1967,Internet users,IT.NET.USER.ZS,
Ghana,GHA,1968,Internet users,IT.NET.USER.ZS,
Ghana,GHA,1969,Internet users,IT.NET.USER.ZS,
Ghana,GHA,1970,Internet users,IT.NET.USER.ZS,
Ghana,GHA,1971,Internet users,IT.NET.USER.ZS,
Ghana,GHA,1972,Internet users,IT.NET.USER.ZS,
Ghana,GHA,1973,Internet users,IT.NET.USER.ZS,
Ghana,GHA,1974,Internet users,IT.NET.USER.ZS,
Ghana,GHA,1975,Internet users,IT.NET.USER.ZS,
Ghana,GHA,1976,Internet users,IT.NET.USER.ZS,
Ghana,GHA,1977,Internet users,IT.NET.USER.ZS,
Ghana,GHA,1978,Internet users,IT.NET.USER.ZS,
Ghana,GHA,1979,Internet users,IT.NET.USER.ZS,
Ghana,GHA,1980,Internet users,IT.NET.USER.ZS,
Ghana,GHA,1981,Internet users,IT.NET.USER.ZS,
Ghana,GHA,1982,Internet users,IT.NET.USER.ZS,
Ghana,GHA,1983,Internet users,IT.NET.USER.ZS,
Ghana,GHA,1984,Internet users,IT.NET.USER.ZS,
Ghana,GHA,1985,Internet users,IT.NET.USER.ZS,
Ghana,GHA,1986,Internet users,IT.NET.USER.ZS,
Ghana,GHA,1987,Internet users,IT.NET.USER.ZS,
Ghana,GHA,1988,Internet users,IT.NET.USER.ZS,
Ghana,GHA,1989,Internet users,IT.NET.USER.ZS,
Ghana,GHA,1990,Internet users,IT.NET.USER.ZS,0.0
Ghana,GHA,1991,Internet users,IT.NET.USER.ZS,
Ghana,GHA,1992,Internet users,IT.NET.USER.ZS,
Ghana,GHA,1993,Internet users,IT.NET.USER.ZS,
Ghana,GHA,1994,Internet users,IT.NET.USER.ZS,
Ghana,GHA,1995,Internet users,IT.NET.USER.ZS,0.000348
Ghana,GHA,1996,Internet users,IT.NET.USER.ZS,0.00565
Ghana,GHA,1997,Internet users,IT.NET.USER.ZS,0.0275
Ghana,GHA,1998,Internet users,IT.NET.USER.ZS,0.0322
Ghana,GHA,1999,Internet users,IT.NET.USER.ZS,0.105
Ghana,GHA,2000,Internet users,IT.NET.USER.ZS,0.153615297625799
Ghana,GHA,2001,Internet users,IT.NET.USER.ZS,0.200008060324831
Ghana,GHA,2002,Internet users,IT.NET.USER.ZS,0.830284033818738
Ghana,GHA,2003,Internet users,IT.NET.USER.ZS,1.19305791098328
Ghana,GHA,2004,Internet users,IT.NET.USER.ZS,1.71679770389504
Ghana,GHA,2005,Internet users,IT.NET.USER.ZS,1.83119746104616
Ghana,GHA,2006,Internet users,IT.NET.USER.ZS,2.72317597313987
Ghana,GHA,2007,Internet users,IT.NET.USER.ZS,3.85
Ghana,GHA,2008,Internet users,IT.NET.USER.ZS,4.27
Ghana,GHA,2009,Internet users,IT.NET.USER.ZS,5.44
Ghana,GHA,2010,Internet users,IT.NET.USER.ZS,7.8
Ghana,GHA,2011,Internet users,IT.NET.USER.ZS,9.0
Ghana,GHA,2012,Internet users,IT.NET.USER.ZS,10.6
Ghana,GHA,2013,Internet users,IT.NET.USER.ZS,15.0
Ghana,GHA,2014,Internet users,IT.NET.USER.ZS,19.0
Ghana,GHA,2015,Internet users,IT.NET.USER.ZS,23.0
Ghana,GHA,2016,Internet users,IT.NET.USER.ZS,28.0
Ghana,GHA,2017,Internet users,IT.NET.USER.ZS,37.88420105
Ghana,GHA,2018,Internet users,IT.NET.USER.ZS,43.0
Ghana,GHA,2019,Internet users,IT.NET.USER.ZS,22.0732
Ghana,GHA,2020,Internet users,IT.NET.USER.ZS,62.51760101
Ghana,GHA,2021,Internet users,IT.NET.USER.ZS,68.6
Ghana,GHA,2022,Internet users,IT.NET.USER.ZS,69.91329956
Ghana,GHA,2023,Internet users,IT.NET.USER.ZS,70.67430115
Ghana,GHA,2024,Internet users,IT.NET.USER.ZS,72.17569733
Ghana,GHA,2025,Internet users,IT.NET.USER.ZS,
Ghana,GHA,1960,Life expectancy,SP.DYN.LE00.IN,46.942
Ghana,GHA,1961,Life expectancy,SP.DYN.LE00.IN,47.127
Ghana,GHA,1962,Life expectancy,SP.DYN.LE00.IN,47.335
Ghana,GHA,1963,Life expectancy,SP.DYN.LE00.IN,47.476
Ghana,GHA,1964,Life expectancy,SP.DYN.LE00.IN,47.637
Ghana,GHA,1965,Life expectancy,SP.DYN.LE00.IN,47.689
Ghana,GHA,1966,Life expectancy,SP.DYN.LE00.IN,47.708
Ghana,GHA,1967,Life expectancy,SP.DYN.LE00.IN,47.734
Ghana,GHA,1968,Life expectancy,SP.DYN.LE00.IN,47.758
Ghana,GHA,1969,Life expectancy,SP.DYN.LE00.IN,47.895
Ghana,GHA,1970,Life expectancy,SP.DYN.LE00.IN,47.888
Ghana,GHA,1971,Life expectancy,SP.DYN.LE00.IN,47.949
Ghana,GHA,1972,Life expectancy,SP.DYN.LE00.IN,48.274
Ghana,GHA,1973,Life expectancy,SP.DYN.LE00.IN,48.577
Ghana,GHA,1974,Life expectancy,SP.DYN.LE00.IN,48.918
Ghana,GHA,1975,Life expectancy,SP.DYN.LE00.IN,49.323
Ghana,GHA,1976,Life expectancy,SP.DYN.LE00.IN,49.732
Ghana,GHA,1977,Life expectancy,SP.DYN.LE00.IN,50.079
Ghana,GHA,1978,Life expectancy,SP.DYN.LE00.IN,50.461
Ghana,GHA,1979,Life expectancy,SP.DYN.LE00.IN,50.787
Ghana,GHA,1980,Life expectancy,SP.DYN.LE00.IN,51.059
Ghana,GHA,1981,Life expectancy,SP.DYN.LE00.IN,51.313
Ghana,GHA,1982,Life expectancy,SP.DYN.LE00.IN,51.425
Ghana,GHA,1983,Life expectancy,SP.DYN.LE00.IN,51.78
Ghana,GHA,1984,Life expectancy,SP.DYN.LE00.IN,52.232
Ghana,GHA,1985,Life expectancy,SP.DYN.LE00.IN,52.732
Ghana,GHA,1986,Life expectancy,SP.DYN.LE00.IN,53.276
Ghana,GHA,1987,Life expectancy,SP.DYN.LE00.IN,53.818
Ghana,GHA,1988,Life expectancy,SP.DYN.LE00.IN,54.396
Ghana,GHA,1989,Life expectancy,SP.DYN.LE00.IN,54.936
Ghana,GHA,1990,Life expectancy,SP.DYN.LE00.IN,55.395
Ghana,GHA,1991,Life expectancy,SP.DYN.LE00.IN,55.722
Ghana,GHA,1992,Life expectancy,SP.DYN.LE00.IN,56.055
Ghana,GHA,1993,Life expectancy,SP.DYN.LE00.IN,56.286
Ghana,GHA,1994,Life expectancy,SP.DYN.LE00.IN,56.234
Ghana,GHA,1995,Life expectancy,SP.DYN.LE00.IN,56.662
Ghana,GHA,1996,Life expectancy,SP.DYN.LE00.IN,56.957
Ghana,GHA,1997,Life expectancy,SP.DYN.LE00.IN,57.241
Ghana,GHA,1998,Life expectancy,SP.DYN.LE00.IN,57.525
Ghana,GHA,1999,Life expectancy,SP.DYN.LE00.IN,57.835
Ghana,GHA,2000,Life expectancy,SP.DYN.LE00.IN,58.139
Ghana,GHA,2001,Life expectancy,SP.DYN.LE00.IN,58.403
Ghana,GHA,2002,Life expectancy,SP.DYN.LE00.IN,58.709
Ghana,GHA,2003,Life expectancy,SP.DYN.LE00.IN,59.014
Ghana,GHA,2004,Life expectancy,SP.DYN.LE00.IN,59.316
Ghana,GHA,2005,Life expectancy,SP.DYN.LE00.IN,59.638
Ghana,GHA,2006,Life expectancy,SP.DYN.LE00.IN,59.975
Ghana,GHA,2007,Life expectancy,SP.DYN.LE00.IN,60.282
Ghana,GHA,2008,Life expectancy,SP.DYN.LE00.IN,60.578
Ghana,GHA,2009,Life expectancy,SP.DYN.LE00.IN,60.928
Ghana,GHA,2010,Life expectancy,SP.DYN.LE00.IN,61.297
Ghana,GHA,2011,Life expectancy,SP.DYN.LE00.IN,61.617
Ghana,GHA,2012,Life expectancy,SP.DYN.LE00.IN,61.995
Ghana,GHA,2013,Life expectancy,SP.DYN.LE00.IN,62.397
Ghana,GHA,2014,Life expectancy,SP.DYN.LE00.IN,62.832
Ghana,GHA,2015,Life expectancy,SP.DYN.LE00.IN,63.175
Ghana,GHA,2016,Life expectancy,SP.DYN.LE00.IN,63.522
Ghana,GHA,2017,Life expectancy,SP.DYN.LE00.IN,63.829
Ghana,GHA,2018,Life expectancy,SP.DYN.LE00.IN,64.138
Ghana,GHA,2019,Life expectancy,SP.DYN.LE00.IN,64.455
Ghana,GHA,2020,Life expectancy,SP.DYN.LE00.IN,64.309
Ghana,GHA,2021,Life expectancy,SP.DYN.LE00.IN,64.286
Ghana,GHA,2022,Life expectancy,SP.DYN.LE00.IN,65.246
Ghana,GHA,2023,Life expectancy,SP.DYN.LE00.IN,65.498
Ghana,GHA,2024,Life expectancy,SP.DYN.LE00.IN,65.695
Ghana,GHA,2025,Life expectancy,SP.DYN.LE00.IN,
Ghana,GHA,1960,Population,SP.POP.TOTL,6961215.0
Ghana,GHA,1961,Population,SP.POP.TOTL,7162667.0
Ghana,GHA,1962,Population,SP.POP.TOTL,7337375.0
Ghana,GHA,1963,Population,SP.POP.TOTL,7514714.0
Ghana,GHA,1964,Population,SP.POP.TOTL,7695739.0
Ghana,GHA,1965,Population,SP.POP.TOTL,7882606.0
Ghana,GHA,1966,Population,SP.POP.TOTL,8074521.0
Ghana,GHA,1967,Population,SP.POP.TOTL,8271913.0
Ghana,GHA,1968,Population,SP.POP.TOTL,8475729.0
Ghana,GHA,1969,Population,SP.POP.TOTL,8690383.0
Ghana,GHA,1970,Population,SP.POP.TOTL,8925813.0
Ghana,GHA,1971,Population,SP.POP.TOTL,9176264.0
Ghana,GHA,1972,Population,SP.POP.TOTL,9438187.0
Ghana,GHA,1973,Population,SP.POP.TOTL,9714617.0
Ghana,GHA,1974,Population,SP.POP.TOTL,10000523.0
Ghana,GHA,1975,Population,SP.POP.TOTL,10294308.0
Ghana,GHA,1976,Population,SP.POP.TOTL,10594913.0
Ghana,GHA,1977,Population,SP.POP.TOTL,10911871.0
Ghana,GHA,1978,Population,SP.POP.TOTL,11248450.0
Ghana,GHA,1979,Population,SP.POP.TOTL,11597255.0
Ghana,GHA,1980,Population,SP.POP.TOTL,11941448.0
Ghana,GHA,1981,Population,SP.POP.TOTL,12281712.0
Ghana,GHA,1982,Population,SP.POP.TOTL,12643819.0
Ghana,GHA,1983,Population,SP.POP.TOTL,13029836.0
Ghana,GHA,1984,Population,SP.POP.TOTL,13370590.0
Ghana,GHA,1985,Population,SP.POP.TOTL,13661229.0
Ghana,GHA,1986,Population,SP.POP.TOTL,13965217.0
Ghana,GHA,1987,Population,SP.POP.TOTL,14289108.0
Ghana,GHA,1988,Population,SP.POP.TOTL,14636568.0
Ghana,GHA,1989,Population,SP.POP.TOTL,15006813.0
Ghana,GHA,1990,Population,SP.POP.TOTL,15394648.0
Ghana,GHA,1991,Population,SP.POP.TOTL,15787496.0
Ghana,GHA,1992,Population,SP.POP.TOTL,16184855.0
Ghana,GHA,1993,Population,SP.POP.TOTL,16589519.0
Ghana,GHA,1994,Population,SP.POP.TOTL,16993190.0
Ghana,GHA,1995,Population,SP.POP.TOTL,17399017.0
Ghana,GHA,1996,Population,SP.POP.TOTL,17810181.0
Ghana,GHA,1997,Population,SP.POP.TOTL,18238958.0
Ghana,GHA,1998,Population,SP.POP.TOTL,18688036.0
Ghana,GHA,1999,Population,SP.POP.TOTL,19149864.0
Ghana,GHA,2000,Population,SP.POP.TOTL,19637087.0
Ghana,GHA,2001,Population,SP.POP.TOTL,20167069.0
Ghana,GHA,2002,Population,SP.POP.TOTL,20729388.0
Ghana,GHA,2003,Population,SP.POP.TOTL,21296705.0
Ghana,GHA,2004,Population,SP.POP.TOTL,21868298.0
Ghana,GHA,2005,Population,SP.POP.TOTL,22449438.0
Ghana,GHA,2006,Population,SP.POP.TOTL,23040702.0
Ghana,GHA,2007,Population,SP.POP.TOTL,23642279.0
Ghana,GHA,2008,Population,SP.POP.TOTL,24249946.0
Ghana,GHA,2009,Population,SP.POP.TOTL,24862664.0
Ghana,GHA,2010,Population,SP.POP.TOTL,25474995.0
Ghana,GHA,2011,Population,SP.POP.TOTL,26095088.0
Ghana,GHA,2012,Population,SP.POP.TOTL,26734268.0
Ghana,GHA,2013,Population,SP.POP.TOTL,27386193.0
Ghana,GHA,2014,Population,SP.POP.TOTL,28041592.0
Ghana,GHA,2015,Population,SP.POP.TOTL,28696068.0
Ghana,GHA,2016,Population,SP.POP.TOTL,29356742.0
Ghana,GHA,2017,Population,SP.POP.TOTL,30008354.0
Ghana,GHA,2018,Population,SP.POP.TOTL,30637585.0
Ghana,GHA,2019,Population,SP.POP.TOTL,31258945.0
Ghana,GHA,2020,Population,SP.POP.TOTL,31887809.0
Ghana,GHA,2021,Population,SP.POP.TOTL,32518665.0
Ghana,GHA,2022,Population,SP.POP.TOTL,33149152.0
Ghana,GHA,2023,Population,SP.POP.TOTL,33787914.0
Ghana,GHA,2024,Population,SP.POP.TOTL,34427414.0
Ghana,GHA,2025,Population,SP.POP.TOTL,35064272.0
Ghana,GHA,1960,Unemployment,SL.UEM.TOTL.ZS,
Ghana,GHA,1961,Unemployment,SL.UEM.TOTL.ZS,
Ghana,GHA,1962,Unemployment,SL.UEM.TOTL.ZS,
Ghana,GHA,1963,Unemployment,SL.UEM.TOTL.ZS,
Ghana,GHA,1964,Unemployment,SL.UEM.TOTL.ZS,
Ghana,GHA,1965,Unemployment,SL.UEM.TOTL.ZS,
Ghana,GHA,1966,Unemployment,SL.UEM.TOTL.ZS,
Ghana,GHA,1967,Unemployment,SL.UEM.TOTL.ZS,
Ghana,GHA,1968,Unemployment,SL.UEM.TOTL.ZS,
Ghana,GHA,1969,Unemployment,SL.UEM.TOTL.ZS,
Ghana,GHA,1970,Unemployment,SL.UEM.TOTL.ZS,
Ghana,GHA,1971,Unemployment,SL.UEM.TOTL.ZS,
Ghana,GHA,1972,Unemployment,SL.UEM.TOTL.ZS,
Ghana,GHA,1973,Unemployment,SL.UEM.TOTL.ZS,
Ghana,GHA,1974,Unemployment,SL.UEM.TOTL.ZS,
Ghana,GHA,1975,Unemployment,SL.UEM.TOTL.ZS,
Ghana,GHA,1976,Unemployment,SL.UEM.TOTL.ZS,
Ghana,GHA,1977,Unemployment,SL.UEM.TOTL.ZS,
Ghana,GHA,1978,Unemployment,SL.UEM.TOTL.ZS,
Ghana,GHA,1979,Unemployment,SL.UEM.TOTL.ZS,
Ghana,GHA,1980,Unemployment,SL.UEM.TOTL.ZS,
Ghana,GHA,1981,Unemployment,SL.UEM.TOTL.ZS,
Ghana,GHA,1982,Unemployment,SL.UEM.TOTL.ZS,
Ghana,GHA,1983,Unemployment,SL.UEM.TOTL.ZS,
Ghana,GHA,1984,Unemployment,SL.UEM.TOTL.ZS,
Ghana,GHA,1985,Unemployment,SL.UEM.TOTL.ZS,
Ghana,GHA,1986,Unemployment,SL.UEM.TOTL.ZS,
Ghana,GHA,1987,Unemployment,SL.UEM.TOTL.ZS,
Ghana,GHA,1988,Unemployment,SL.UEM.TOTL.ZS,
Ghana,GHA,1989,Unemployment,SL.UEM.TOTL.ZS,
Ghana,GHA,1990,Unemployment,SL.UEM.TOTL.ZS,
Ghana,GHA,1991,Unemployment,SL.UEM.TOTL.ZS,3.489
Ghana,GHA,1992,Unemployment,SL.UEM.TOTL.ZS,4.7
Ghana,GHA,1993,Unemployment,SL.UEM.TOTL.ZS,5.231
Ghana,GHA,1994,Unemployment,SL.UEM.TOTL.ZS,5.9
Ghana,GHA,1995,Unemployment,SL.UEM.TOTL.ZS,6.484
Ghana,GHA,1996,Unemployment,SL.UEM.TOTL.ZS,7.091
Ghana,GHA,1997,Unemployment,SL.UEM.TOTL.ZS,7.639
Ghana,GHA,1998,Unemployment,SL.UEM.TOTL.ZS,8.2
Ghana,GHA,1999,Unemployment,SL.UEM.TOTL.ZS,10.1
Ghana,GHA,2000,Unemployment,SL.UEM.TOTL.ZS,10.456
Ghana,GHA,2001,Unemployment,SL.UEM.TOTL.ZS,9.615
Ghana,GHA,2002,Unemployment,SL.UEM.TOTL.ZS,8.711
Ghana,GHA,2003,Unemployment,SL.UEM.TOTL.ZS,7.728
Ghana,GHA,2004,Unemployment,SL.UEM.TOTL.ZS,6.758
Ghana,GHA,2005,Unemployment,SL.UEM.TOTL.ZS,5.816
Ghana,GHA,2006,Unemployment,SL.UEM.TOTL.ZS,4.897
Ghana,GHA,2007,Unemployment,SL.UEM.TOTL.ZS,5.104
Ghana,GHA,2008,Unemployment,SL.UEM.TOTL.ZS,5.144
Ghana,GHA,2009,Unemployment,SL.UEM.TOTL.ZS,5.362
Ghana,GHA,2010,Unemployment,SL.UEM.TOTL.ZS,5.384
Ghana,GHA,2011,Unemployment,SL.UEM.TOTL.ZS,4.213
Ghana,GHA,2012,Unemployment,SL.UEM.TOTL.ZS,3.126
Ghana,GHA,2013,Unemployment,SL.UEM.TOTL.ZS,2.173
Ghana,GHA,2014,Unemployment,SL.UEM.TOTL.ZS,4.403
Ghana,GHA,2015,Unemployment,SL.UEM.TOTL.ZS,6.806
Ghana,GHA,2016,Unemployment,SL.UEM.TOTL.ZS,5.256
Ghana,GHA,2017,Unemployment,SL.UEM.TOTL.ZS,3.369
Ghana,GHA,2018,Unemployment,SL.UEM.TOTL.ZS,3.204
Ghana,GHA,2019,Unemployment,SL.UEM.TOTL.ZS,3.067
Ghana,GHA,2020,Unemployment,SL.UEM.TOTL.ZS,3.178
Ghana,GHA,2021,Unemployment,SL.UEM.TOTL.ZS,3.2
Ghana,GHA,2022,Unemployment,SL.UEM.TOTL.ZS,2.87
Ghana,GHA,2023,Unemployment,SL.UEM.TOTL.ZS,2.829
Ghana,GHA,2024,Unemployment,SL.UEM.TOTL.ZS,2.82
Ghana,GHA,2025,Unemployment,SL.UEM.TOTL.ZS,2.979
Kenya,KEN,1960,GDP (current US$),NY.GDP.MKTP.CD,791265459.493816
Kenya,KEN,1961,GDP (current US$),NY.GDP.MKTP.CD,792959472.816211
Kenya,KEN,1962,GDP (current US$),NY.GDP.MKTP.CD,868111400.75544
Kenya,KEN,1963,GDP (current US$),NY.GDP.MKTP.CD,926589349.36426
Kenya,KEN,1964,GDP (current US$),NY.GDP.MKTP.CD,998759334.496266
Kenya,KEN,1965,GDP (current US$),NY.GDP.MKTP.CD,997919320.832272
Kenya,KEN,1966,GDP (current US$),NY.GDP.MKTP.CD,1164519674.19213
Kenya,KEN,1967,GDP (current US$),NY.GDP.MKTP.CD,1232559506.9762
Kenya,KEN,1968,GDP (current US$),NY.GDP.MKTP.CD,1353295458.68182
Kenya,KEN,1969,GDP (current US$),NY.GDP.MKTP.CD,1458379416.64823
Kenya,KEN,1970,GDP (current US$),NY.GDP.MKTP.CD,1603447358.62106
Kenya,KEN,1971,GDP (current US$),NY.GDP.MKTP.CD,1778391288.64348
Kenya,KEN,1972,GDP (current US$),NY.GDP.MKTP.CD,2107279157.08834
Kenya,KEN,1973,GDP (current US$),NY.GDP.MKTP.CD,2509001324.34591
Kenya,KEN,1974,GDP (current US$),NY.GDP.MKTP.CD,2969958812.01648
Kenya,KEN,1975,GDP (current US$),NY.GDP.MKTP.CD,3259345083.26283
Kenya,KEN,1976,GDP (current US$),NY.GDP.MKTP.CD,3474542391.69992
Kenya,KEN,1977,GDP (current US$),NY.GDP.MKTP.CD,4494378764.32011
Kenya,KEN,1978,GDP (current US$),NY.GDP.MKTP.CD,5303735110.55151
Kenya,KEN,1979,GDP (current US$),NY.GDP.MKTP.CD,6234391113.46434
Kenya,KEN,1980,GDP (current US$),NY.GDP.MKTP.CD,7265315820.20777
Kenya,KEN,1981,GDP (current US$),NY.GDP.MKTP.CD,6854491705.88377
Kenya,KEN,1982,GDP (current US$),NY.GDP.MKTP.CD,6431579356.95926
Kenya,KEN,1983,GDP (current US$),NY.GDP.MKTP.CD,5979198313.76093
Kenya,KEN,1984,GDP (current US$),NY.GDP.MKTP.CD,6191437070.18411
Kenya,KEN,1985,GDP (current US$),NY.GDP.MKTP.CD,6135034213.78998
Kenya,KEN,1986,GDP (current US$),NY.GDP.MKTP.CD,7239126568.14092
Kenya,KEN,1987,GDP (current US$),NY.GDP.MKTP.CD,7970820369.2949
Kenya,KEN,1988,GDP (current US$),NY.GDP.MKTP.CD,8355380879.12955
Kenya,KEN,1989,GDP (current US$),NY.GDP.MKTP.CD,8283114514.17081
Kenya,KEN,1990,GDP (current US$),NY.GDP.MKTP.CD,8572359038.16958
Kenya,KEN,1991,GDP (current US$),NY.GDP.MKTP.CD,8151488783.19064
Kenya,KEN,1992,GDP (current US$),NY.GDP.MKTP.CD,8209120763.04955
Kenya,KEN,1993,GDP (current US$),NY.GDP.MKTP.CD,5751786642.55871
Kenya,KEN,1994,GDP (current US$),NY.GDP.MKTP.CD,7148148564.04239
Kenya,KEN,1995,GDP (current US$),NY.GDP.MKTP.CD,9046320255.40507
Kenya,KEN,1996,GDP (current US$),NY.GDP.MKTP.CD,12045865396.1323
Kenya,KEN,1997,GDP (current US$),NY.GDP.MKTP.CD,13115764358.2846
Kenya,KEN,1998,GDP (current US$),NY.GDP.MKTP.CD,14093998843.7334
Kenya,KEN,1999,GDP (current US$),NY.GDP.MKTP.CD,12896010459.3711
Kenya,KEN,2000,GDP (current US$),NY.GDP.MKTP.CD,12705350097.8044
Kenya,KEN,2001,GDP (current US$),NY.GDP.MKTP.CD,12986007425.8781
Kenya,KEN,2002,GDP (current US$),NY.GDP.MKTP.CD,13147736898.5176
Kenya,KEN,2003,GDP (current US$),NY.GDP.MKTP.CD,14904517649.8476
Kenya,KEN,2004,GDP (current US$),NY.GDP.MKTP.CD,16095337093.8366
Kenya,KEN,2005,GDP (current US$),NY.GDP.MKTP.CD,18737895512.7378
Kenya,KEN,2006,GDP (current US$),NY.GDP.MKTP.CD,25825512284.2891
Kenya,KEN,2007,GDP (current US$),NY.GDP.MKTP.CD,31958195182.2406
Kenya,KEN,2008,GDP (current US$),NY.GDP.MKTP.CD,35895153327.8497
Kenya,KEN,2009,GDP (current US$),NY.GDP.MKTP.CD,42347217912.9176
Kenya,KEN,2010,GDP (current US$),NY.GDP.MKTP.CD,45405615063.7551
Kenya,KEN,2011,GDP (current US$),NY.GDP.MKTP.CD,46869473150.61
Kenya,KEN,2012,GDP (current US$),NY.GDP.MKTP.CD,56396704671.5777
Kenya,KEN,2013,GDP (current US$),NY.GDP.MKTP.CD,61671440407.8387
Kenya,KEN,2014,GDP (current US$),NY.GDP.MKTP.CD,68285796514.2896
Kenya,KEN,2015,GDP (current US$),NY.GDP.MKTP.CD,70120446896.8359
Kenya,KEN,2016,GDP (current US$),NY.GDP.MKTP.CD,74815144163.8931
Kenya,KEN,2017,GDP (current US$),NY.GDP.MKTP.CD,82036510877.2599
Kenya,KEN,2018,GDP (current US$),NY.GDP.MKTP.CD,92202979985.2863
Kenya,KEN,2019,GDP (current US$),NY.GDP.MKTP.CD,100378436207.371
Kenya,KEN,2020,GDP (current US$),NY.GDP.MKTP.CD,100657505750.545
Kenya,KEN,2021,GDP (current US$),NY.GDP.MKTP.CD,109703658904.994
Kenya,KEN,2022,GDP (current US$),NY.GDP.MKTP.CD,114448978152.637
Kenya,KEN,2023,GDP (current US$),NY.GDP.MKTP.CD,107500884685.013
Kenya,KEN,2024,GDP (current US$),NY.GDP.MKTP.CD,120397537849.826
Kenya,KEN,2025,GDP (current US$),NY.GDP.MKTP.CD,135941278878.815
Kenya,KEN,1960,GDP per capita (current US$),NY.GDP.PCAP.CD,102.824417465582
Kenya,KEN,1961,GDP per capita (current US$),NY.GDP.PCAP.CD,99.2716957068382
Kenya,KEN,1962,GDP per capita (current US$),NY.GDP.PCAP.CD,104.600455936259
Kenya,KEN,1963,GDP per capita (current US$),NY.GDP.PCAP.CD,107.393655978243
Kenya,KEN,1964,GDP per capita (current US$),NY.GDP.PCAP.CD,111.300544823892
Kenya,KEN,1965,GDP per capita (current US$),NY.GDP.PCAP.CD,106.865601340262
Kenya,KEN,1966,GDP per capita (current US$),NY.GDP.PCAP.CD,119.833476389359
Kenya,KEN,1967,GDP per capita (current US$),NY.GDP.PCAP.CD,121.90214207834
Kenya,KEN,1968,GDP per capita (current US$),NY.GDP.PCAP.CD,128.654646882243
Kenya,KEN,1969,GDP per capita (current US$),NY.GDP.PCAP.CD,133.310793093247
Kenya,KEN,1970,GDP per capita (current US$),NY.GDP.PCAP.CD,141.039390962597
Kenya,KEN,1971,GDP per capita (current US$),NY.GDP.PCAP.CD,150.852979093178
Kenya,KEN,1972,GDP per capita (current US$),NY.GDP.PCAP.CD,172.642044778441
Kenya,KEN,1973,GDP per capita (current US$),NY.GDP.PCAP.CD,198.578083872556
Kenya,KEN,1974,GDP per capita (current US$),NY.GDP.PCAP.CD,227.233442066411
Kenya,KEN,1975,GDP per capita (current US$),NY.GDP.PCAP.CD,241.224426147057
Kenya,KEN,1976,GDP per capita (current US$),NY.GDP.PCAP.CD,248.935108198575
Kenya,KEN,1977,GDP per capita (current US$),NY.GDP.PCAP.CD,311.48625291648
Kenya,KEN,1978,GDP per capita (current US$),NY.GDP.PCAP.CD,355.141982232607
Kenya,KEN,1979,GDP per capita (current US$),NY.GDP.PCAP.CD,403.242079834358
Kenya,KEN,1980,GDP per capita (current US$),NY.GDP.PCAP.CD,453.558973444809
Kenya,KEN,1981,GDP per capita (current US$),NY.GDP.PCAP.CD,412.883704225392
Kenya,KEN,1982,GDP per capita (current US$),NY.GDP.PCAP.CD,373.794835688888
Kenya,KEN,1983,GDP per capita (current US$),NY.GDP.PCAP.CD,335.037151735189
Kenya,KEN,1984,GDP per capita (current US$),NY.GDP.PCAP.CD,334.40283575753
Kenya,KEN,1985,GDP per capita (current US$),NY.GDP.PCAP.CD,319.503611010714
Kenya,KEN,1986,GDP per capita (current US$),NY.GDP.PCAP.CD,363.745117772717
Kenya,KEN,1987,GDP per capita (current US$),NY.GDP.PCAP.CD,386.630929992512
Kenya,KEN,1988,GDP per capita (current US$),NY.GDP.PCAP.CD,391.238771204282
Kenya,KEN,1989,GDP per capita (current US$),NY.GDP.PCAP.CD,374.489193682103
Kenya,KEN,1990,GDP per capita (current US$),NY.GDP.PCAP.CD,374.458992895562
Kenya,KEN,1991,GDP per capita (current US$),NY.GDP.PCAP.CD,344.722642127742
Kenya,KEN,1992,GDP per capita (current US$),NY.GDP.PCAP.CD,336.68139978696
Kenya,KEN,1993,GDP per capita (current US$),NY.GDP.PCAP.CD,228.998032843434
Kenya,KEN,1994,GDP per capita (current US$),NY.GDP.PCAP.CD,276.447871981244
Kenya,KEN,1995,GDP per capita (current US$),NY.GDP.PCAP.CD,340.064842175429
Kenya,KEN,1996,GDP per capita (current US$),NY.GDP.PCAP.CD,440.527078880876
Kenya,KEN,1997,GDP per capita (current US$),NY.GDP.PCAP.CD,466.723814611399
Kenya,KEN,1998,GDP per capita (current US$),NY.GDP.PCAP.CD,487.883239905452
Kenya,KEN,1999,GDP per capita (current US$),NY.GDP.PCAP.CD,433.721235701305
Kenya,KEN,2000,GDP per capita (current US$),NY.GDP.PCAP.CD,414.626365130846
Kenya,KEN,2001,GDP per capita (current US$),NY.GDP.PCAP.CD,410.700452474814
Kenya,KEN,2002,GDP per capita (current US$),NY.GDP.PCAP.CD,402.936385605382
Kenya,KEN,2003,GDP per capita (current US$),NY.GDP.PCAP.CD,442.898457253405
Kenya,KEN,2004,GDP per capita (current US$),NY.GDP.PCAP.CD,463.662781300121
Kenya,KEN,2005,GDP per capita (current US$),NY.GDP.PCAP.CD,523.456312433863
Kenya,KEN,2006,GDP per capita (current US$),NY.GDP.PCAP.CD,699.80237063381
Kenya,KEN,2007,GDP per capita (current US$),NY.GDP.PCAP.CD,840.201439476765
Kenya,KEN,2008,GDP per capita (current US$),NY.GDP.PCAP.CD,915.54435473604
Kenya,KEN,2009,GDP per capita (current US$),NY.GDP.PCAP.CD,1047.9678324485
Kenya,KEN,2010,GDP per capita (current US$),NY.GDP.PCAP.CD,1091.51873101194
Kenya,KEN,2011,GDP per capita (current US$),NY.GDP.PCAP.CD,1096.14499807675
Kenya,KEN,2012,GDP per capita (current US$),NY.GDP.PCAP.CD,1285.00536171512
Kenya,KEN,2013,GDP per capita (current US$),NY.GDP.PCAP.CD,1370.87885214659
Kenya,KEN,2014,GDP per capita (current US$),NY.GDP.PCAP.CD,1482.81566253497
Kenya,KEN,2015,GDP per capita (current US$),NY.GDP.PCAP.CD,1489.11959777284
Kenya,KEN,2016,GDP per capita (current US$),NY.GDP.PCAP.CD,1554.12610314423
Kenya,KEN,2017,GDP per capita (current US$),NY.GDP.PCAP.CD,1667.48447230835
Kenya,KEN,2018,GDP per capita (current US$),NY.GDP.PCAP.CD,1836.45275528993
Kenya,KEN,2019,GDP per capita (current US$),NY.GDP.PCAP.CD,1960.40808854893
Kenya,KEN,2020,GDP per capita (current US$),NY.GDP.PCAP.CD,1927.66459027849
Kenya,KEN,2021,GDP per capita (current US$),NY.GDP.PCAP.CD,2061.35622089594
Kenya,KEN,2022,GDP per capita (current US$),NY.GDP.PCAP.CD,2109.56288513137
Kenya,KEN,2023,GDP per capita (current US$),NY.GDP.PCAP.CD,1942.58802756191
Kenya,KEN,2024,GDP per capita (current US$),NY.GDP.PCAP.CD,2133.46193404026
Kenya,KEN,2025,GDP per capita (current US$),NY.GDP.PCAP.CD,2362.86091198611
Kenya,KEN,1960,Inflation,FP.CPI.TOTL.ZG,1.24378109452731
Kenya,KEN,1961,Inflation,FP.CPI.TOTL.ZG,2.45700245700254
Kenya,KEN,1962,Inflation,FP.CPI.TOTL.ZG,3.11750599520378
Kenya,KEN,1963,Inflation,FP.CPI.TOTL.ZG,0.697674418604589
Kenya,KEN,1964,Inflation,FP.CPI.TOTL.ZG,-0.0993048669314341
Kenya,KEN,1965,Inflation,FP.CPI.TOTL.ZG,3.57852882806742
Kenya,KEN,1966,Inflation,FP.CPI.TOTL.ZG,5.01439539323414
Kenya,KEN,1967,Inflation,FP.CPI.TOTL.ZG,1.75919579598299
Kenya,KEN,1968,Inflation,FP.CPI.TOTL.ZG,0.366711570051019
Kenya,KEN,1969,Inflation,FP.CPI.TOTL.ZG,-0.17150100656233
Kenya,KEN,1970,Inflation,FP.CPI.TOTL.ZG,2.18852703907439
Kenya,KEN,1971,Inflation,FP.CPI.TOTL.ZG,3.78020612544907
Kenya,KEN,1972,Inflation,FP.CPI.TOTL.ZG,5.83164474311005
Kenya,KEN,1973,Inflation,FP.CPI.TOTL.ZG,9.28119422332106
Kenya,KEN,1974,Inflation,FP.CPI.TOTL.ZG,17.8099480331818
Kenya,KEN,1975,Inflation,FP.CPI.TOTL.ZG,19.1201840136051
Kenya,KEN,1976,Inflation,FP.CPI.TOTL.ZG,11.4490304932756
Kenya,KEN,1977,Inflation,FP.CPI.TOTL.ZG,14.8209644818935
Kenya,KEN,1978,Inflation,FP.CPI.TOTL.ZG,16.9317824582842
Kenya,KEN,1979,Inflation,FP.CPI.TOTL.ZG,7.97935261848786
Kenya,KEN,1980,Inflation,FP.CPI.TOTL.ZG,13.8581814562484
Kenya,KEN,1981,Inflation,FP.CPI.TOTL.ZG,11.6030534351142
Kenya,KEN,1982,Inflation,FP.CPI.TOTL.ZG,20.6667146662827
Kenya,KEN,1983,Inflation,FP.CPI.TOTL.ZG,11.3977827368523
Kenya,KEN,1984,Inflation,FP.CPI.TOTL.ZG,10.284098213138
Kenya,KEN,1985,Inflation,FP.CPI.TOTL.ZG,13.0065664218827
Kenya,KEN,1986,Inflation,FP.CPI.TOTL.ZG,2.53427598892888
Kenya,KEN,1987,Inflation,FP.CPI.TOTL.ZG,8.63767318980084
Kenya,KEN,1988,Inflation,FP.CPI.TOTL.ZG,12.2649630481582
Kenya,KEN,1989,Inflation,FP.CPI.TOTL.ZG,13.7893172763883
Kenya,KEN,1990,Inflation,FP.CPI.TOTL.ZG,17.78181442992
Kenya,KEN,1991,Inflation,FP.CPI.TOTL.ZG,20.0844955754632
Kenya,KEN,1992,Inflation,FP.CPI.TOTL.ZG,27.3323644475784
Kenya,KEN,1993,Inflation,FP.CPI.TOTL.ZG,45.9788813036218
Kenya,KEN,1994,Inflation,FP.CPI.TOTL.ZG,28.8143894306731
Kenya,KEN,1995,Inflation,FP.CPI.TOTL.ZG,1.55432816055009
Kenya,KEN,1996,Inflation,FP.CPI.TOTL.ZG,8.86408741577522
Kenya,KEN,1997,Inflation,FP.CPI.TOTL.ZG,11.3618450505783
Kenya,KEN,1998,Inflation,FP.CPI.TOTL.ZG,6.72243650753928
Kenya,KEN,1999,Inflation,FP.CPI.TOTL.ZG,5.74200109520484
Kenya,KEN,2000,Inflation,FP.CPI.TOTL.ZG,9.98002515350979
Kenya,KEN,2001,Inflation,FP.CPI.TOTL.ZG,5.73859814341467
Kenya,KEN,2002,Inflation,FP.CPI.TOTL.ZG,1.96130821739162
Kenya,KEN,2003,Inflation,FP.CPI.TOTL.ZG,9.81569062979654
Kenya,KEN,2004,Inflation,FP.CPI.TOTL.ZG,11.6240355442426
Kenya,KEN,2005,Inflation,FP.CPI.TOTL.ZG,10.3127783574683
Kenya,KEN,2006,Inflation,FP.CPI.TOTL.ZG,14.4537342081708
Kenya,KEN,2007,Inflation,FP.CPI.TOTL.ZG,9.75888023027529
Kenya,KEN,2008,Inflation,FP.CPI.TOTL.ZG,26.2398166445063
Kenya,KEN,2009,Inflation,FP.CPI.TOTL.ZG,9.23412592394652
Kenya,KEN,2010,Inflation,FP.CPI.TOTL.ZG,3.96138889115385
Kenya,KEN,2011,Inflation,FP.CPI.TOTL.ZG,14.0224913014704
Kenya,KEN,2012,Inflation,FP.CPI.TOTL.ZG,9.37777003547598
Kenya,KEN,2013,Inflation,FP.CPI.TOTL.ZG,5.71749357037733
Kenya,KEN,2014,Inflation,FP.CPI.TOTL.ZG,6.87815499275949
Kenya,KEN,2015,Inflation,FP.CPI.TOTL.ZG,6.58215429284779
Kenya,KEN,2016,Inflation,FP.CPI.TOTL.ZG,6.29724953814625
Kenya,KEN,2017,Inflation,FP.CPI.TOTL.ZG,8.00564967709945
Kenya,KEN,2018,Inflation,FP.CPI.TOTL.ZG,4.6898064677633
Kenya,KEN,2019,Inflation,FP.CPI.TOTL.ZG,5.23963795764792
Kenya,KEN,2020,Inflation,FP.CPI.TOTL.ZG,5.40516207933392
Kenya,KEN,2021,Inflation,FP.CPI.TOTL.ZG,6.10793603659176
Kenya,KEN,2022,Inflation,FP.CPI.TOTL.ZG,7.65986268272224
Kenya,KEN,2023,Inflation,FP.CPI.TOTL.ZG,7.67139634029402
Kenya,KEN,2024,Inflation,FP.CPI.TOTL.ZG,4.48978854243448
Kenya,KEN,2025,Inflation,FP.CPI.TOTL.ZG,4.06912878540729
Kenya,KEN,1960,Internet users,IT.NET.USER.ZS,
Kenya,KEN,1961,Internet users,IT.NET.USER.ZS,
Kenya,KEN,1962,Internet users,IT.NET.USER.ZS,
Kenya,KEN,1963,Internet users,IT.NET.USER.ZS,
Kenya,KEN,1964,Internet users,IT.NET.USER.ZS,
Kenya,KEN,1965,Internet users,IT.NET.USER.ZS,
Kenya,KEN,1966,Internet users,IT.NET.USER.ZS,
Kenya,KEN,1967,Internet users,IT.NET.USER.ZS,
Kenya,KEN,1968,Internet users,IT.NET.USER.ZS,
Kenya,KEN,1969,Internet users,IT.NET.USER.ZS,
Kenya,KEN,1970,Internet users,IT.NET.USER.ZS,
Kenya,KEN,1971,Internet users,IT.NET.USER.ZS,
Kenya,KEN,1972,Internet users,IT.NET.USER.ZS,
Kenya,KEN,1973,Internet users,IT.NET.USER.ZS,
Kenya,KEN,1974,Internet users,IT.NET.USER.ZS,
Kenya,KEN,1975,Internet users,IT.NET.USER.ZS,
Kenya,KEN,1976,Internet users,IT.NET.USER.ZS,
Kenya,KEN,1977,Internet users,IT.NET.USER.ZS,
Kenya,KEN,1978,Internet users,IT.NET.USER.ZS,
Kenya,KEN,1979,Internet users,IT.NET.USER.ZS,
Kenya,KEN,1980,Internet users,IT.NET.USER.ZS,
Kenya,KEN,1981,Internet users,IT.NET.USER.ZS,
Kenya,KEN,1982,Internet users,IT.NET.USER.ZS,
Kenya,KEN,1983,Internet users,IT.NET.USER.ZS,
Kenya,KEN,1984,Internet users,IT.NET.USER.ZS,
Kenya,KEN,1985,Internet users,IT.NET.USER.ZS,
Kenya,KEN,1986,Internet users,IT.NET.USER.ZS,
Kenya,KEN,1987,Internet users,IT.NET.USER.ZS,
Kenya,KEN,1988,Internet users,IT.NET.USER.ZS,
Kenya,KEN,1989,Internet users,IT.NET.USER.ZS,
Kenya,KEN,1990,Internet users,IT.NET.USER.ZS,0.0
Kenya,KEN,1991,Internet users,IT.NET.USER.ZS,
Kenya,KEN,1992,Internet users,IT.NET.USER.ZS,
Kenya,KEN,1993,Internet users,IT.NET.USER.ZS,
Kenya,KEN,1994,Internet users,IT.NET.USER.ZS,
Kenya,KEN,1995,Internet users,IT.NET.USER.ZS,0.000727
Kenya,KEN,1996,Internet users,IT.NET.USER.ZS,0.00884
Kenya,KEN,1997,Internet users,IT.NET.USER.ZS,0.0344
Kenya,KEN,1998,Internet users,IT.NET.USER.ZS,0.0503
Kenya,KEN,1999,Internet users,IT.NET.USER.ZS,0.114
Kenya,KEN,2000,Internet users,IT.NET.USER.ZS,0.318059713612037
Kenya,KEN,2001,Internet users,IT.NET.USER.ZS,0.619782266151425
Kenya,KEN,2002,Internet users,IT.NET.USER.ZS,1.20777388492125
Kenya,KEN,2003,Internet users,IT.NET.USER.ZS,2.94190286101524
Kenya,KEN,2004,Internet users,IT.NET.USER.ZS,3.0235280420962
Kenya,KEN,2005,Internet users,IT.NET.USER.ZS,3.101900101
Kenya,KEN,2006,Internet users,IT.NET.USER.ZS,3.599999905
Kenya,KEN,2007,Internet users,IT.NET.USER.ZS,4.400000095
Kenya,KEN,2008,Internet users,IT.NET.USER.ZS,5.199999809
Kenya,KEN,2009,Internet users,IT.NET.USER.ZS,6.1
Kenya,KEN,2010,Internet users,IT.NET.USER.ZS,7.2
Kenya,KEN,2011,Internet users,IT.NET.USER.ZS,8.800000191
Kenya,KEN,2012,Internet users,IT.NET.USER.ZS,10.5
Kenya,KEN,2013,Internet users,IT.NET.USER.ZS,13.0
Kenya,KEN,2014,Internet users,IT.NET.USER.ZS,16.5
Kenya,KEN,2015,Internet users,IT.NET.USER.ZS,16.5878548475992
Kenya,KEN,2016,Internet users,IT.NET.USER.ZS,16.6
Kenya,KEN,2017,Internet users,IT.NET.USER.ZS,17.82710075
Kenya,KEN,2018,Internet users,IT.NET.USER.ZS,19.5
Kenya,KEN,2019,Internet users,IT.NET.USER.ZS,22.6687733618171
Kenya,KEN,2020,Internet users,IT.NET.USER.ZS,24.7227993
Kenya,KEN,2021,Internet users,IT.NET.USER.ZS,26.96290016
Kenya,KEN,2022,Internet users,IT.NET.USER.ZS,29.40589905
Kenya,KEN,2023,Internet users,IT.NET.USER.ZS,32.07040024
Kenya,KEN,2024,Internet users,IT.NET.USER.ZS,34.97622513
Kenya,KEN,2025,Internet users,IT.NET.USER.ZS,
Kenya,KEN,1960,Life expectancy,SP.DYN.LE00.IN,48.477
Kenya,KEN,1961,Life expectancy,SP.DYN.LE00.IN,49.33
Kenya,KEN,1962,Life expectancy,SP.DYN.LE00.IN,50.104
Kenya,KEN,1963,Life expectancy,SP.DYN.LE00.IN,50.758
Kenya,KEN,1964,Life expectancy,SP.DYN.LE00.IN,51.323
Kenya,KEN,1965,Life expectancy,SP.DYN.LE00.IN,51.886
Kenya,KEN,1966,Life expectancy,SP.DYN.LE00.IN,52.383
Kenya,KEN,1967,Life expectancy,SP.DYN.LE00.IN,52.796
Kenya,KEN,1968,Life expectancy,SP.DYN.LE00.IN,53.302
Kenya,KEN,1969,Life expectancy,SP.DYN.LE00.IN,53.734
Kenya,KEN,1970,Life expectancy,SP.DYN.LE00.IN,54.143
Kenya,KEN,1971,Life expectancy,SP.DYN.LE00.IN,54.543
Kenya,KEN,1972,Life expectancy,SP.DYN.LE00.IN,55.013
Kenya,KEN,1973,Life expectancy,SP.DYN.LE00.IN,55.5
Kenya,KEN,1974,Life expectancy,SP.DYN.LE00.IN,56.039
Kenya,KEN,1975,Life expectancy,SP.DYN.LE00.IN,56.62
Kenya,KEN,1976,Life expectancy,SP.DYN.LE00.IN,57.153
Kenya,KEN,1977,Life expectancy,SP.DYN.LE00.IN,57.684
Kenya,KEN,1978,Life expectancy,SP.DYN.LE00.IN,58.234
Kenya,KEN,1979,Life expectancy,SP.DYN.LE00.IN,58.691
Kenya,KEN,1980,Life expectancy,SP.DYN.LE00.IN,59.175
Kenya,KEN,1981,Life expectancy,SP.DYN.LE00.IN,59.562
Kenya,KEN,1982,Life expectancy,SP.DYN.LE00.IN,59.904
Kenya,KEN,1983,Life expectancy,SP.DYN.LE00.IN,60.342
Kenya,KEN,1984,Life expectancy,SP.DYN.LE00.IN,60.611
Kenya,KEN,1985,Life expectancy,SP.DYN.LE00.IN,60.856
Kenya,KEN,1986,Life expectancy,SP.DYN.LE00.IN,60.818
Kenya,KEN,1987,Life expectancy,SP.DYN.LE00.IN,60.721
Kenya,KEN,1988,Life expectancy,SP.DYN.LE00.IN,60.32
Kenya,KEN,1989,Life expectancy,SP.DYN.LE00.IN,59.99
Kenya,KEN,1990,Life expectancy,SP.DYN.LE00.IN,58.334
Kenya,KEN,1991,Life expectancy,SP.DYN.LE00.IN,57.826
Kenya,KEN,1992,Life expectancy,SP.DYN.LE00.IN,57.095
Kenya,KEN,1993,Life expectancy,SP.DYN.LE00.IN,56.668
Kenya,KEN,1994,Life expectancy,SP.DYN.LE00.IN,56.101
Kenya,KEN,1995,Life expectancy,SP.DYN.LE00.IN,55.856
Kenya,KEN,1996,Life expectancy,SP.DYN.LE00.IN,55.575
Kenya,KEN,1997,Life expectancy,SP.DYN.LE00.IN,55.478
Kenya,KEN,1998,Life expectancy,SP.DYN.LE00.IN,55.568
Kenya,KEN,1999,Life expectancy,SP.DYN.LE00.IN,55.866
Kenya,KEN,2000,Life expectancy,SP.DYN.LE00.IN,56.084
Kenya,KEN,2001,Life expectancy,SP.DYN.LE00.IN,56.501
Kenya,KEN,2002,Life expectancy,SP.DYN.LE00.IN,56.759
Kenya,KEN,2003,Life expectancy,SP.DYN.LE00.IN,57.369
Kenya,KEN,2004,Life expectancy,SP.DYN.LE00.IN,57.947
Kenya,KEN,2005,Life expectancy,SP.DYN.LE00.IN,58.51
Kenya,KEN,2006,Life expectancy,SP.DYN.LE00.IN,59.059
Kenya,KEN,2007,Life expectancy,SP.DYN.LE00.IN,59.407
Kenya,KEN,2008,Life expectancy,SP.DYN.LE00.IN,59.955
Kenya,KEN,2009,Life expectancy,SP.DYN.LE00.IN,60.483
Kenya,KEN,2010,Life expectancy,SP.DYN.LE00.IN,60.915
Kenya,KEN,2011,Life expectancy,SP.DYN.LE00.IN,61.283
Kenya,KEN,2012,Life expectancy,SP.DYN.LE00.IN,61.537
Kenya,KEN,2013,Life expectancy,SP.DYN.LE00.IN,61.729
Kenya,KEN,2014,Life expectancy,SP.DYN.LE00.IN,61.99
Kenya,KEN,2015,Life expectancy,SP.DYN.LE00.IN,62.279
Kenya,KEN,2016,Life expectancy,SP.DYN.LE00.IN,62.526
Kenya,KEN,2017,Life expectancy,SP.DYN.LE00.IN,62.725
Kenya,KEN,2018,Life expectancy,SP.DYN.LE00.IN,62.825
Kenya,KEN,2019,Life expectancy,SP.DYN.LE00.IN,62.939
Kenya,KEN,2020,Life expectancy,SP.DYN.LE00.IN,61.596
Kenya,KEN,2021,Life expectancy,SP.DYN.LE00.IN,61.225
Kenya,KEN,2022,Life expectancy,SP.DYN.LE00.IN,63.549
Kenya,KEN,2023,Life expectancy,SP.DYN.LE00.IN,63.646
Kenya,KEN,2024,Life expectancy,SP.DYN.LE00.IN,63.834
Kenya,KEN,2025,Life expectancy,SP.DYN.LE00.IN,
Kenya,KEN,1960,Population,SP.POP.TOTL,7695307.0
Kenya,KEN,1961,Population,SP.POP.TOTL,7987770.0
Kenya,KEN,1962,Population,SP.POP.TOTL,8299308.0
Kenya,KEN,1963,Population,SP.POP.TOTL,8627971.0
Kenya,KEN,1964,Population,SP.POP.TOTL,8973535.0
Kenya,KEN,1965,Population,SP.POP.TOTL,9338078.0
Kenya,KEN,1966,Population,SP.POP.TOTL,9717816.0
Kenya,KEN,1967,Population,SP.POP.TOTL,10111057.0
Kenya,KEN,1968,Population,SP.POP.TOTL,10518823.0
Kenya,KEN,1969,Population,SP.POP.TOTL,10939695.0
Kenya,KEN,1970,Population,SP.POP.TOTL,11368791.0
Kenya,KEN,1971,Population,SP.POP.TOTL,11788904.0
Kenya,KEN,1972,Population,SP.POP.TOTL,12206060.0
Kenya,KEN,1973,Population,SP.POP.TOTL,12634835.0
Kenya,KEN,1974,Population,SP.POP.TOTL,13070078.0
Kenya,KEN,1975,Population,SP.POP.TOTL,13511671.0
Kenya,KEN,1976,Population,SP.POP.TOTL,13957623.0
Kenya,KEN,1977,Population,SP.POP.TOTL,14428819.0
Kenya,KEN,1978,Population,SP.POP.TOTL,14934126.0
Kenya,KEN,1979,Population,SP.POP.TOTL,15460666.0
Kenya,KEN,1980,Population,SP.POP.TOTL,16018459.0
Kenya,KEN,1981,Population,SP.POP.TOTL,16601507.0
Kenya,KEN,1982,Population,SP.POP.TOTL,17206175.0
Kenya,KEN,1983,Population,SP.POP.TOTL,17846374.0
Kenya,KEN,1984,Population,SP.POP.TOTL,18514906.0
Kenya,KEN,1985,Population,SP.POP.TOTL,19201768.0
Kenya,KEN,1986,Population,SP.POP.TOTL,19901646.0
Kenya,KEN,1987,Population,SP.POP.TOTL,20616096.0
Kenya,KEN,1988,Population,SP.POP.TOTL,21356219.0
Kenya,KEN,1989,Population,SP.POP.TOTL,22118434.0
Kenya,KEN,1990,Population,SP.POP.TOTL,22892651.0
Kenya,KEN,1991,Population,SP.POP.TOTL,23646514.0
Kenya,KEN,1992,Population,SP.POP.TOTL,24382460.0
Kenya,KEN,1993,Population,SP.POP.TOTL,25117188.0
Kenya,KEN,1994,Population,SP.POP.TOTL,25857130.0
Kenya,KEN,1995,Population,SP.POP.TOTL,26601751.0
Kenya,KEN,1996,Population,SP.POP.TOTL,27344211.0
Kenya,KEN,1997,Population,SP.POP.TOTL,28101768.0
Kenya,KEN,1998,Population,SP.POP.TOTL,28888057.0
Kenya,KEN,1999,Population,SP.POP.TOTL,29733408.0
Kenya,KEN,2000,Population,SP.POP.TOTL,30642890.0
Kenya,KEN,2001,Population,SP.POP.TOTL,31619170.0
Kenya,KEN,2002,Population,SP.POP.TOTL,32629808.0
Kenya,KEN,2003,Population,SP.POP.TOTL,33652223.0
Kenya,KEN,2004,Population,SP.POP.TOTL,34713455.0
Kenya,KEN,2005,Population,SP.POP.TOTL,35796484.0
Kenya,KEN,2006,Population,SP.POP.TOTL,36904008.0
Kenya,KEN,2007,Population,SP.POP.TOTL,38036349.0
Kenya,KEN,2008,Population,SP.POP.TOTL,39206351.0
Kenya,KEN,2009,Population,SP.POP.TOTL,40408891.0
Kenya,KEN,2010,Population,SP.POP.TOTL,41598567.0
Kenya,KEN,2011,Population,SP.POP.TOTL,42758461.0
Kenya,KEN,2012,Population,SP.POP.TOTL,43888303.0
Kenya,KEN,2013,Population,SP.POP.TOTL,44986791.0
Kenya,KEN,2014,Population,SP.POP.TOTL,46051440.0
Kenya,KEN,2015,Population,SP.POP.TOTL,47088526.0
Kenya,KEN,2016,Population,SP.POP.TOTL,48139687.0
Kenya,KEN,2017,Population,SP.POP.TOTL,49197766.0
Kenya,KEN,2018,Population,SP.POP.TOTL,50207107.0
Kenya,KEN,2019,Population,SP.POP.TOTL,51202827.0
Kenya,KEN,2020,Population,SP.POP.TOTL,52217334.0
Kenya,KEN,2021,Population,SP.POP.TOTL,53219166.0
Kenya,KEN,2022,Population,SP.POP.TOTL,54252461.0
Kenya,KEN,2023,Population,SP.POP.TOTL,55339003.0
Kenya,KEN,2024,Population,SP.POP.TOTL,56432944.0
Kenya,KEN,2025,Population,SP.POP.TOTL,57532493.0
Kenya,KEN,1960,Unemployment,SL.UEM.TOTL.ZS,
Kenya,KEN,1961,Unemployment,SL.UEM.TOTL.ZS,
Kenya,KEN,1962,Unemployment,SL.UEM.TOTL.ZS,
Kenya,KEN,1963,Unemployment,SL.UEM.TOTL.ZS,
Kenya,KEN,1964,Unemployment,SL.UEM.TOTL.ZS,
Kenya,KEN,1965,Unemployment,SL.UEM.TOTL.ZS,
Kenya,KEN,1966,Unemployment,SL.UEM.TOTL.ZS,
Kenya,KEN,1967,Unemployment,SL.UEM.TOTL.ZS,
Kenya,KEN,1968,Unemployment,SL.UEM.TOTL.ZS,
Kenya,KEN,1969,Unemployment,SL.UEM.TOTL.ZS,
Kenya,KEN,1970,Unemployment,SL.UEM.TOTL.ZS,
Kenya,KEN,1971,Unemployment,SL.UEM.TOTL.ZS,
Kenya,KEN,1972,Unemployment,SL.UEM.TOTL.ZS,
Kenya,KEN,1973,Unemployment,SL.UEM.TOTL.ZS,
Kenya,KEN,1974,Unemployment,SL.UEM.TOTL.ZS,
Kenya,KEN,1975,Unemployment,SL.UEM.TOTL.ZS,
Kenya,KEN,1976,Unemployment,SL.UEM.TOTL.ZS,
Kenya,KEN,1977,Unemployment,SL.UEM.TOTL.ZS,
Kenya,KEN,1978,Unemployment,SL.UEM.TOTL.ZS,
Kenya,KEN,1979,Unemployment,SL.UEM.TOTL.ZS,
Kenya,KEN,1980,Unemployment,SL.UEM.TOTL.ZS,
Kenya,KEN,1981,Unemployment,SL.UEM.TOTL.ZS,
Kenya,KEN,1982,Unemployment,SL.UEM.TOTL.ZS,
Kenya,KEN,1983,Unemployment,SL.UEM.TOTL.ZS,
Kenya,KEN,1984,Unemployment,SL.UEM.TOTL.ZS,
Kenya,KEN,1985,Unemployment,SL.UEM.TOTL.ZS,
Kenya,KEN,1986,Unemployment,SL.UEM.TOTL.ZS,
Kenya,KEN,1987,Unemployment,SL.UEM.TOTL.ZS,
Kenya,KEN,1988,Unemployment,SL.UEM.TOTL.ZS,
Kenya,KEN,1989,Unemployment,SL.UEM.TOTL.ZS,
Kenya,KEN,1990,Unemployment,SL.UEM.TOTL.ZS,
Kenya,KEN,1991,Unemployment,SL.UEM.TOTL.ZS,2.78
Kenya,KEN,1992,Unemployment,SL.UEM.TOTL.ZS,2.894
Kenya,KEN,1993,Unemployment,SL.UEM.TOTL.ZS,2.979
Kenya,KEN,1994,Unemployment,SL.UEM.TOTL.ZS,2.955
Kenya,KEN,1995,Unemployment,SL.UEM.TOTL.ZS,2.848
Kenya,KEN,1996,Unemployment,SL.UEM.TOTL.ZS,2.773
Kenya,KEN,1997,Unemployment,SL.UEM.TOTL.ZS,2.818
Kenya,KEN,1998,Unemployment,SL.UEM.TOTL.ZS,2.843
Kenya,KEN,1999,Unemployment,SL.UEM.TOTL.ZS,2.884
Kenya,KEN,2000,Unemployment,SL.UEM.TOTL.ZS,2.884
Kenya,KEN,2001,Unemployment,SL.UEM.TOTL.ZS,2.876
Kenya,KEN,2002,Unemployment,SL.UEM.TOTL.ZS,2.916
Kenya,KEN,2003,Unemployment,SL.UEM.TOTL.ZS,2.869
Kenya,KEN,2004,Unemployment,SL.UEM.TOTL.ZS,2.844
Kenya,KEN,2005,Unemployment,SL.UEM.TOTL.ZS,2.739
Kenya,KEN,2006,Unemployment,SL.UEM.TOTL.ZS,2.673
Kenya,KEN,2007,Unemployment,SL.UEM.TOTL.ZS,2.642
Kenya,KEN,2008,Unemployment,SL.UEM.TOTL.ZS,2.751
Kenya,KEN,2009,Unemployment,SL.UEM.TOTL.ZS,2.816
Kenya,KEN,2010,Unemployment,SL.UEM.TOTL.ZS,2.793
Kenya,KEN,2011,Unemployment,SL.UEM.TOTL.ZS,2.699
Kenya,KEN,2012,Unemployment,SL.UEM.TOTL.ZS,2.678
Kenya,KEN,2013,Unemployment,SL.UEM.TOTL.ZS,2.762
Kenya,KEN,2014,Unemployment,SL.UEM.TOTL.ZS,2.767
Kenya,KEN,2015,Unemployment,SL.UEM.TOTL.ZS,2.762
Kenya,KEN,2016,Unemployment,SL.UEM.TOTL.ZS,2.757
Kenya,KEN,2017,Unemployment,SL.UEM.TOTL.ZS,3.542
Kenya,KEN,2018,Unemployment,SL.UEM.TOTL.ZS,4.284
Kenya,KEN,2019,Unemployment,SL.UEM.TOTL.ZS,5.014
Kenya,KEN,2020,Unemployment,SL.UEM.TOTL.ZS,5.613
Kenya,KEN,2021,Unemployment,SL.UEM.TOTL.ZS,5.693
Kenya,KEN,2022,Unemployment,SL.UEM.TOTL.ZS,5.565
Kenya,KEN,2023,Unemployment,SL.UEM.TOTL.ZS,5.409
Kenya,KEN,2024,Unemployment,SL.UEM.TOTL.ZS,5.487
Kenya,KEN,2025,Unemployment,SL.UEM.TOTL.ZS,5.449
Nigeria,NGA,1960,GDP (current US$),NY.GDP.MKTP.CD,4196174501.5302
Nigeria,NGA,1961,GDP (current US$),NY.GDP.MKTP.CD,4467287893.08484
Nigeria,NGA,1962,GDP (current US$),NY.GDP.MKTP.CD,4909399176.24033
Nigeria,NGA,1963,GDP (current US$),NY.GDP.MKTP.CD,5165590253.7639
Nigeria,NGA,1964,GDP (current US$),NY.GDP.MKTP.CD,5552931318.82747
Nigeria,NGA,1965,GDP (current US$),NY.GDP.MKTP.CD,5874537650.18494
Nigeria,NGA,1966,GDP (current US$),NY.GDP.MKTP.CD,6366917453.23302
Nigeria,NGA,1967,GDP (current US$),NY.GDP.MKTP.CD,5203237918.70483
Nigeria,NGA,1968,GDP (current US$),NY.GDP.MKTP.CD,5200997919.60083
Nigeria,NGA,1969,GDP (current US$),NY.GDP.MKTP.CD,6634317346.27306
Nigeria,NGA,1970,GDP (current US$),NY.GDP.MKTP.CD,12546094981.562
Nigeria,NGA,1971,GDP (current US$),NY.GDP.MKTP.CD,9181769911.50443
Nigeria,NGA,1972,GDP (current US$),NY.GDP.MKTP.CD,12274416017.7976
Nigeria,NGA,1973,GDP (current US$),NY.GDP.MKTP.CD,15162871287.1287
Nigeria,NGA,1974,GDP (current US$),NY.GDP.MKTP.CD,24846641318.1242
Nigeria,NGA,1975,GDP (current US$),NY.GDP.MKTP.CD,27778934624.6973
Nigeria,NGA,1976,GDP (current US$),NY.GDP.MKTP.CD,36308883248.731
Nigeria,NGA,1977,GDP (current US$),NY.GDP.MKTP.CD,36035407725.3219
Nigeria,NGA,1978,GDP (current US$),NY.GDP.MKTP.CD,36527862208.7133
Nigeria,NGA,1979,GDP (current US$),NY.GDP.MKTP.CD,47259911894.2731
Nigeria,NGA,1980,GDP (current US$),NY.GDP.MKTP.CD,64201788122.6054
Nigeria,NGA,1981,GDP (current US$),NY.GDP.MKTP.CD,164475209515.939
Nigeria,NGA,1982,GDP (current US$),NY.GDP.MKTP.CD,142769363314.176
Nigeria,NGA,1983,GDP (current US$),NY.GDP.MKTP.CD,97094911792.0489
Nigeria,NGA,1984,GDP (current US$),NY.GDP.MKTP.CD,73484359521.4887
Nigeria,NGA,1985,GDP (current US$),NY.GDP.MKTP.CD,73745821158.2254
Nigeria,NGA,1986,GDP (current US$),NY.GDP.MKTP.CD,54805852580.9129
Nigeria,NGA,1987,GDP (current US$),NY.GDP.MKTP.CD,52676041931.1087
Nigeria,NGA,1988,GDP (current US$),NY.GDP.MKTP.CD,49648470440.4593
Nigeria,NGA,1989,GDP (current US$),NY.GDP.MKTP.CD,44003061108.4005
Nigeria,NGA,1990,GDP (current US$),NY.GDP.MKTP.CD,54035795387.8086
Nigeria,NGA,1991,GDP (current US$),NY.GDP.MKTP.CD,59526833412.3581
Nigeria,NGA,1992,GDP (current US$),NY.GDP.MKTP.CD,52058181853.8055
Nigeria,NGA,1993,GDP (current US$),NY.GDP.MKTP.CD,56721051402.4732
Nigeria,NGA,1994,GDP (current US$),NY.GDP.MKTP.CD,80399613063.6364
Nigeria,NGA,1995,GDP (current US$),NY.GDP.MKTP.CD,140919776986.364
Nigeria,NGA,1996,GDP (current US$),NY.GDP.MKTP.CD,185730236700.0
Nigeria,NGA,1997,GDP (current US$),NY.GDP.MKTP.CD,200850397618.182
Nigeria,NGA,1998,GDP (current US$),NY.GDP.MKTP.CD,218416200672.727
Nigeria,NGA,1999,GDP (current US$),NY.GDP.MKTP.CD,59145077039.1437
Nigeria,NGA,2000,GDP (current US$),NY.GDP.MKTP.CD,69171451627.2465
Nigeria,NGA,2001,GDP (current US$),NY.GDP.MKTP.CD,73557840064.489
Nigeria,NGA,2002,GDP (current US$),NY.GDP.MKTP.CD,95054059302.6995
Nigeria,NGA,2003,GDP (current US$),NY.GDP.MKTP.CD,104738954264.226
Nigeria,NGA,2004,GDP (current US$),NY.GDP.MKTP.CD,135764731645.611
Nigeria,NGA,2005,GDP (current US$),NY.GDP.MKTP.CD,175670569969.346
Nigeria,NGA,2006,GDP (current US$),NY.GDP.MKTP.CD,238454997161.48
Nigeria,NGA,2007,GDP (current US$),NY.GDP.MKTP.CD,278260846800.103
Nigeria,NGA,2008,GDP (current US$),NY.GDP.MKTP.CD,339476276257.793
Nigeria,NGA,2009,GDP (current US$),NY.GDP.MKTP.CD,295008835380.997
Nigeria,NGA,2010,GDP (current US$),NY.GDP.MKTP.CD,366990417129.04
Nigeria,NGA,2011,GDP (current US$),NY.GDP.MKTP.CD,414466676831.16
Nigeria,NGA,2012,GDP (current US$),NY.GDP.MKTP.CD,463971018239.281
Nigeria,NGA,2013,GDP (current US$),NY.GDP.MKTP.CD,520117180313.906
Nigeria,NGA,2014,GDP (current US$),NY.GDP.MKTP.CD,574183763411.508
Nigeria,NGA,2015,GDP (current US$),NY.GDP.MKTP.CD,493026682800.63
Nigeria,NGA,2016,GDP (current US$),NY.GDP.MKTP.CD,404649125252.16
Nigeria,NGA,2017,GDP (current US$),NY.GDP.MKTP.CD,375745731053.427
Nigeria,NGA,2018,GDP (current US$),NY.GDP.MKTP.CD,421739251509.08
Nigeria,NGA,2019,GDP (current US$),NY.GDP.MKTP.CD,668219992686.575
Nigeria,NGA,2020,GDP (current US$),NY.GDP.MKTP.CD,598586817817.392
Nigeria,NGA,2021,GDP (current US$),NY.GDP.MKTP.CD,609147716965.348
Nigeria,NGA,2022,GDP (current US$),NY.GDP.MKTP.CD,646950257575.455
Nigeria,NGA,2023,GDP (current US$),NY.GDP.MKTP.CD,487387801877.803
Nigeria,NGA,2024,GDP (current US$),NY.GDP.MKTP.CD,252261880140.271
Nigeria,NGA,2025,GDP (current US$),NY.GDP.MKTP.CD,290794361542.112
Nigeria,NGA,1960,GDP per capita (current US$),NY.GDP.PCAP.CD,93.1370090424417
Nigeria,NGA,1961,GDP per capita (current US$),NY.GDP.PCAP.CD,97.1375281143562
Nigeria,NGA,1962,GDP per capita (current US$),NY.GDP.PCAP.CD,104.532495533943
Nigeria,NGA,1963,GDP per capita (current US$),NY.GDP.PCAP.CD,107.675741358944
Nigeria,NGA,1964,GDP per capita (current US$),NY.GDP.PCAP.CD,113.297345671875
Nigeria,NGA,1965,GDP per capita (current US$),NY.GDP.PCAP.CD,117.287226824734
Nigeria,NGA,1966,GDP per capita (current US$),NY.GDP.PCAP.CD,124.382440176253
Nigeria,NGA,1967,GDP per capita (current US$),NY.GDP.PCAP.CD,99.5014906604697
Nigeria,NGA,1968,GDP per capita (current US$),NY.GDP.PCAP.CD,97.3372081255964
Nigeria,NGA,1969,GDP per capita (current US$),NY.GDP.PCAP.CD,121.436663307697
Nigeria,NGA,1970,GDP per capita (current US$),NY.GDP.PCAP.CD,224.46293599595
Nigeria,NGA,1971,GDP per capita (current US$),NY.GDP.PCAP.CD,160.479255841113
Nigeria,NGA,1972,GDP per capita (current US$),NY.GDP.PCAP.CD,209.454776294345
Nigeria,NGA,1973,GDP per capita (current US$),NY.GDP.PCAP.CD,252.369032452868
Nigeria,NGA,1974,GDP per capita (current US$),NY.GDP.PCAP.CD,402.836999782685
Nigeria,NGA,1975,GDP per capita (current US$),NY.GDP.PCAP.CD,438.078813916795
Nigeria,NGA,1976,GDP per capita (current US$),NY.GDP.PCAP.CD,556.389687719878
Nigeria,NGA,1977,GDP per capita (current US$),NY.GDP.PCAP.CD,535.965307817329
Nigeria,NGA,1978,GDP per capita (current US$),NY.GDP.PCAP.CD,526.895852928476
Nigeria,NGA,1979,GDP per capita (current US$),NY.GDP.PCAP.CD,660.994040864293
Nigeria,NGA,1980,GDP per capita (current US$),NY.GDP.PCAP.CD,870.359934682057
Nigeria,NGA,1981,GDP per capita (current US$),NY.GDP.PCAP.CD,2162.20995436075
Nigeria,NGA,1982,GDP per capita (current US$),NY.GDP.PCAP.CD,1821.53265482387
Nigeria,NGA,1983,GDP per capita (current US$),NY.GDP.PCAP.CD,1207.07374565349
Nigeria,NGA,1984,GDP per capita (current US$),NY.GDP.PCAP.CD,890.434106332302
Nigeria,NGA,1985,GDP per capita (current US$),NY.GDP.PCAP.CD,868.640540548893
Nigeria,NGA,1986,GDP per capita (current US$),NY.GDP.PCAP.CD,628.248453718536
Nigeria,NGA,1987,GDP per capita (current US$),NY.GDP.PCAP.CD,587.956613434089
Nigeria,NGA,1988,GDP per capita (current US$),NY.GDP.PCAP.CD,539.539468397166
Nigeria,NGA,1989,GDP per capita (current US$),NY.GDP.PCAP.CD,465.488089532188
Nigeria,NGA,1990,GDP per capita (current US$),NY.GDP.PCAP.CD,556.376449130902
Nigeria,NGA,1991,GDP per capita (current US$),NY.GDP.PCAP.CD,596.938795710722
Nigeria,NGA,1992,GDP per capita (current US$),NY.GDP.PCAP.CD,508.515905682785
Nigeria,NGA,1993,GDP per capita (current US$),NY.GDP.PCAP.CD,539.573202297542
Nigeria,NGA,1994,GDP per capita (current US$),NY.GDP.PCAP.CD,744.884247151377
Nigeria,NGA,1995,GDP per capita (current US$),NY.GDP.PCAP.CD,1271.61617353199
Nigeria,NGA,1996,GDP per capita (current US$),NY.GDP.PCAP.CD,1632.72469370276
Nigeria,NGA,1997,GDP per capita (current US$),NY.GDP.PCAP.CD,1720.27540949396
Nigeria,NGA,1998,GDP per capita (current US$),NY.GDP.PCAP.CD,1822.46998452473
Nigeria,NGA,1999,GDP per capita (current US$),NY.GDP.PCAP.CD,480.669363941805
Nigeria,NGA,2000,GDP per capita (current US$),NY.GDP.PCAP.CD,547.318298903379
Nigeria,NGA,2001,GDP per capita (current US$),NY.GDP.PCAP.CD,566.428231812933
Nigeria,NGA,2002,GDP per capita (current US$),NY.GDP.PCAP.CD,712.164852077686
Nigeria,NGA,2003,GDP per capita (current US$),NY.GDP.PCAP.CD,763.388745367223
Nigeria,NGA,2004,GDP per capita (current US$),NY.GDP.PCAP.CD,962.48104194733
Nigeria,NGA,2005,GDP per capita (current US$),NY.GDP.PCAP.CD,1211.37703504386
Nigeria,NGA,2006,GDP per capita (current US$),NY.GDP.PCAP.CD,1599.53891556365
Nigeria,NGA,2007,GDP per capita (current US$),NY.GDP.PCAP.CD,1815.52697545827
Nigeria,NGA,2008,GDP per capita (current US$),NY.GDP.PCAP.CD,2154.10543545364
Nigeria,NGA,2009,GDP per capita (current US$),NY.GDP.PCAP.CD,1820.48633854782
Nigeria,NGA,2010,GDP per capita (current US$),NY.GDP.PCAP.CD,2202.25672957344
Nigeria,NGA,2011,GDP per capita (current US$),NY.GDP.PCAP.CD,2418.41316975875
Nigeria,NGA,2012,GDP per capita (current US$),NY.GDP.PCAP.CD,2633.19734671361
Nigeria,NGA,2013,GDP per capita (current US$),NY.GDP.PCAP.CD,2872.79083379398
Nigeria,NGA,2014,GDP per capita (current US$),NY.GDP.PCAP.CD,3088.72131316169
Nigeria,NGA,2015,GDP per capita (current US$),NY.GDP.PCAP.CD,2585.73360671797
Nigeria,NGA,2016,GDP per capita (current US$),NY.GDP.PCAP.CD,2070.4127339595
Nigeria,NGA,2017,GDP per capita (current US$),NY.GDP.PCAP.CD,1876.34027111773
Nigeria,NGA,2018,GDP per capita (current US$),NY.GDP.PCAP.CD,2057.87944554011
Nigeria,NGA,2019,GDP per capita (current US$),NY.GDP.PCAP.CD,3189.81286496183
Nigeria,NGA,2020,GDP per capita (current US$),NY.GDP.PCAP.CD,2797.184580679
Nigeria,NGA,2021,GDP per capita (current US$),NY.GDP.PCAP.CD,2787.48779220991
Nigeria,NGA,2022,GDP per capita (current US$),NY.GDP.PCAP.CD,2899.16047469267
Nigeria,NGA,2023,GDP per capita (current US$),NY.GDP.PCAP.CD,2138.76383718757
Nigeria,NGA,2024,GDP per capita (current US$),NY.GDP.PCAP.CD,1084.16041805058
Nigeria,NGA,2025,GDP per capita (current US$),NY.GDP.PCAP.CD,1224.25410237743
Nigeria,NGA,1960,Inflation,FP.CPI.TOTL.ZG,5.44432736187238
Nigeria,NGA,1961,Inflation,FP.CPI.TOTL.ZG,6.27914723477519
Nigeria,NGA,1962,Inflation,FP.CPI.TOTL.ZG,5.26563234621725
Nigeria,NGA,1963,Inflation,FP.CPI.TOTL.ZG,-2.69465535232729
Nigeria,NGA,1964,Inflation,FP.CPI.TOTL.ZG,0.856793145737561
Nigeria,NGA,1965,Inflation,FP.CPI.TOTL.ZG,4.1034587381162
Nigeria,NGA,1966,Inflation,FP.CPI.TOTL.ZG,9.69034608375115
Nigeria,NGA,1967,Inflation,FP.CPI.TOTL.ZG,-3.72633676514213
Nigeria,NGA,1968,Inflation,FP.CPI.TOTL.ZG,-0.476059059060828
Nigeria,NGA,1969,Inflation,FP.CPI.TOTL.ZG,10.1559792028219
Nigeria,NGA,1970,Inflation,FP.CPI.TOTL.ZG,13.757079924793
Nigeria,NGA,1971,Inflation,FP.CPI.TOTL.ZG,15.9991148482235
Nigeria,NGA,1972,Inflation,FP.CPI.TOTL.ZG,3.45764975201502
Nigeria,NGA,1973,Inflation,FP.CPI.TOTL.ZG,5.40266445394219
Nigeria,NGA,1974,Inflation,FP.CPI.TOTL.ZG,12.674393177433
Nigeria,NGA,1975,Inflation,FP.CPI.TOTL.ZG,33.9641883221776
Nigeria,NGA,1976,Inflation,FP.CPI.TOTL.ZG,24.2999999999997
Nigeria,NGA,1977,Inflation,FP.CPI.TOTL.ZG,15.0878340572688
Nigeria,NGA,1978,Inflation,FP.CPI.TOTL.ZG,21.7092457416664
Nigeria,NGA,1979,Inflation,FP.CPI.TOTL.ZG,11.7097306212117
Nigeria,NGA,1980,Inflation,FP.CPI.TOTL.ZG,9.97226199001429
Nigeria,NGA,1981,Inflation,FP.CPI.TOTL.ZG,20.8128229121949
Nigeria,NGA,1982,Inflation,FP.CPI.TOTL.ZG,7.69774724714248
Nigeria,NGA,1983,Inflation,FP.CPI.TOTL.ZG,23.2123315511559
Nigeria,NGA,1984,Inflation,FP.CPI.TOTL.ZG,17.8205332860842
Nigeria,NGA,1985,Inflation,FP.CPI.TOTL.ZG,7.43534482758627
Nigeria,NGA,1986,Inflation,FP.CPI.TOTL.ZG,5.71715145436308
Nigeria,NGA,1987,Inflation,FP.CPI.TOTL.ZG,11.2903225806451
Nigeria,NGA,1988,Inflation,FP.CPI.TOTL.ZG,54.5112247797672
Nigeria,NGA,1989,Inflation,FP.CPI.TOTL.ZG,50.4666881235916
Nigeria,NGA,1990,Inflation,FP.CPI.TOTL.ZG,7.36440030557697
Nigeria,NGA,1991,Inflation,FP.CPI.TOTL.ZG,13.0069731037427
Nigeria,NGA,1992,Inflation,FP.CPI.TOTL.ZG,44.588842715023
Nigeria,NGA,1993,Inflation,FP.CPI.TOTL.ZG,57.1652528349217
Nigeria,NGA,1994,Inflation,FP.CPI.TOTL.ZG,57.031708911966
Nigeria,NGA,1995,Inflation,FP.CPI.TOTL.ZG,72.8355022972636
Nigeria,NGA,1996,Inflation,FP.CPI.TOTL.ZG,29.2682926829272
Nigeria,NGA,1997,Inflation,FP.CPI.TOTL.ZG,8.52987421383633
Nigeria,NGA,1998,Inflation,FP.CPI.TOTL.ZG,9.99637812386806
Nigeria,NGA,1999,Inflation,FP.CPI.TOTL.ZG,6.61837339479756
Nigeria,NGA,2000,Inflation,FP.CPI.TOTL.ZG,6.9332921556516
Nigeria,NGA,2001,Inflation,FP.CPI.TOTL.ZG,18.8736462093863
Nigeria,NGA,2002,Inflation,FP.CPI.TOTL.ZG,12.8765792031099
Nigeria,NGA,2003,Inflation,FP.CPI.TOTL.ZG,14.0317836131437
Nigeria,NGA,2004,Inflation,FP.CPI.TOTL.ZG,14.9980338183251
Nigeria,NGA,2005,Inflation,FP.CPI.TOTL.ZG,17.8634933661605
Nigeria,NGA,2006,Inflation,FP.CPI.TOTL.ZG,8.22743678120907
Nigeria,NGA,2007,Inflation,FP.CPI.TOTL.ZG,5.38610421570143
Nigeria,NGA,2008,Inflation,FP.CPI.TOTL.ZG,11.583054796681
Nigeria,NGA,2009,Inflation,FP.CPI.TOTL.ZG,12.5379242951095
Nigeria,NGA,2010,Inflation,FP.CPI.TOTL.ZG,13.7400521363694
Nigeria,NGA,2011,Inflation,FP.CPI.TOTL.ZG,10.8261371880018
Nigeria,NGA,2012,Inflation,FP.CPI.TOTL.ZG,12.2242413020582
Nigeria,NGA,2013,Inflation,FP.CPI.TOTL.ZG,8.49551838265678
Nigeria,NGA,2014,Inflation,FP.CPI.TOTL.ZG,8.04741087967907
Nigeria,NGA,2015,Inflation,FP.CPI.TOTL.ZG,9.00943498007706
Nigeria,NGA,2016,Inflation,FP.CPI.TOTL.ZG,15.6968126387972
Nigeria,NGA,2017,Inflation,FP.CPI.TOTL.ZG,16.5022662139641
Nigeria,NGA,2018,Inflation,FP.CPI.TOTL.ZG,12.0951065173432
Nigeria,NGA,2019,Inflation,FP.CPI.TOTL.ZG,11.3964223378115
Nigeria,NGA,2020,Inflation,FP.CPI.TOTL.ZG,13.2460234276598
Nigeria,NGA,2021,Inflation,FP.CPI.TOTL.ZG,16.9528457221608
Nigeria,NGA,2022,Inflation,FP.CPI.TOTL.ZG,18.8471877843274
Nigeria,NGA,2023,Inflation,FP.CPI.TOTL.ZG,24.659550203114
Nigeria,NGA,2024,Inflation,FP.CPI.TOTL.ZG,33.2416590552749
Nigeria,NGA,2025,Inflation,FP.CPI.TOTL.ZG,23.0101235833333
Nigeria,NGA,1960,Internet users,IT.NET.USER.ZS,
Nigeria,NGA,1961,Internet users,IT.NET.USER.ZS,
Nigeria,NGA,1962,Internet users,IT.NET.USER.ZS,
Nigeria,NGA,1963,Internet users,IT.NET.USER.ZS,
Nigeria,NGA,1964,Internet users,IT.NET.USER.ZS,
Nigeria,NGA,1965,Internet users,IT.NET.USER.ZS,
Nigeria,NGA,1966,Internet users,IT.NET.USER.ZS,
Nigeria,NGA,1967,Internet users,IT.NET.USER.ZS,
Nigeria,NGA,1968,Internet users,IT.NET.USER.ZS,
Nigeria,NGA,1969,Internet users,IT.NET.USER.ZS,
Nigeria,NGA,1970,Internet users,IT.NET.USER.ZS,
Nigeria,NGA,1971,Internet users,IT.NET.USER.ZS,
Nigeria,NGA,1972,Internet users,IT.NET.USER.ZS,
Nigeria,NGA,1973,Internet users,IT.NET.USER.ZS,
Nigeria,NGA,1974,Internet users,IT.NET.USER.ZS,
Nigeria,NGA,1975,Internet users,IT.NET.USER.ZS,
Nigeria,NGA,1976,Internet users,IT.NET.USER.ZS,
Nigeria,NGA,1977,Internet users,IT.NET.USER.ZS,
Nigeria,NGA,1978,Internet users,IT.NET.USER.ZS,
Nigeria,NGA,1979,Internet users,IT.NET.USER.ZS,
Nigeria,NGA,1980,Internet users,IT.NET.USER.ZS,
Nigeria,NGA,1981,Internet users,IT.NET.USER.ZS,
Nigeria,NGA,1982,Internet users,IT.NET.USER.ZS,
Nigeria,NGA,1983,Internet users,IT.NET.USER.ZS,
Nigeria,NGA,1984,Internet users,IT.NET.USER.ZS,
Nigeria,NGA,1985,Internet users,IT.NET.USER.ZS,
Nigeria,NGA,1986,Internet users,IT.NET.USER.ZS,
Nigeria,NGA,1987,Internet users,IT.NET.USER.ZS,
Nigeria,NGA,1988,Internet users,IT.NET.USER.ZS,
Nigeria,NGA,1989,Internet users,IT.NET.USER.ZS,
Nigeria,NGA,1990,Internet users,IT.NET.USER.ZS,0.0
Nigeria,NGA,1991,Internet users,IT.NET.USER.ZS,
Nigeria,NGA,1992,Internet users,IT.NET.USER.ZS,
Nigeria,NGA,1993,Internet users,IT.NET.USER.ZS,
Nigeria,NGA,1994,Internet users,IT.NET.USER.ZS,
Nigeria,NGA,1995,Internet users,IT.NET.USER.ZS,
Nigeria,NGA,1996,Internet users,IT.NET.USER.ZS,0.00883
Nigeria,NGA,1997,Internet users,IT.NET.USER.ZS,0.0172
Nigeria,NGA,1998,Internet users,IT.NET.USER.ZS,0.0252
Nigeria,NGA,1999,Internet users,IT.NET.USER.ZS,0.041
Nigeria,NGA,2000,Internet users,IT.NET.USER.ZS,0.0640808079494101
Nigeria,NGA,2001,Internet users,IT.NET.USER.ZS,0.089901370457273
Nigeria,NGA,2002,Internet users,IT.NET.USER.ZS,0.320461975542327
Nigeria,NGA,2003,Internet users,IT.NET.USER.ZS,0.558576244860521
Nigeria,NGA,2004,Internet users,IT.NET.USER.ZS,1.28613764134527
Nigeria,NGA,2005,Internet users,IT.NET.USER.ZS,3.54915571796492
Nigeria,NGA,2006,Internet users,IT.NET.USER.ZS,5.54503608300536
Nigeria,NGA,2007,Internet users,IT.NET.USER.ZS,6.769999981
Nigeria,NGA,2008,Internet users,IT.NET.USER.ZS,8.0
Nigeria,NGA,2009,Internet users,IT.NET.USER.ZS,9.300000191
Nigeria,NGA,2010,Internet users,IT.NET.USER.ZS,11.5
Nigeria,NGA,2011,Internet users,IT.NET.USER.ZS,13.80000019
Nigeria,NGA,2012,Internet users,IT.NET.USER.ZS,16.10000038
Nigeria,NGA,2013,Internet users,IT.NET.USER.ZS,19.10000038
Nigeria,NGA,2014,Internet users,IT.NET.USER.ZS,21.0
Nigeria,NGA,2015,Internet users,IT.NET.USER.ZS,22.51420021
Nigeria,NGA,2016,Internet users,IT.NET.USER.ZS,24.13750076
Nigeria,NGA,2017,Internet users,IT.NET.USER.ZS,25.87789917
Nigeria,NGA,2018,Internet users,IT.NET.USER.ZS,27.74370003
Nigeria,NGA,2019,Internet users,IT.NET.USER.ZS,29.74410057
Nigeria,NGA,2020,Internet users,IT.NET.USER.ZS,31.88879967
Nigeria,NGA,2021,Internet users,IT.NET.USER.ZS,35.50979996
Nigeria,NGA,2022,Internet users,IT.NET.USER.ZS,39.14720154
Nigeria,NGA,2023,Internet users,IT.NET.USER.ZS,40.06399918
Nigeria,NGA,2024,Internet users,IT.NET.USER.ZS,41.21139908
Nigeria,NGA,2025,Internet users,IT.NET.USER.ZS,
Nigeria,NGA,1960,Life expectancy,SP.DYN.LE00.IN,37.207
Nigeria,NGA,1961,Life expectancy,SP.DYN.LE00.IN,37.427
Nigeria,NGA,1962,Life expectancy,SP.DYN.LE00.IN,37.606
Nigeria,NGA,1963,Life expectancy,SP.DYN.LE00.IN,37.806
Nigeria,NGA,1964,Life expectancy,SP.DYN.LE00.IN,37.98
Nigeria,NGA,1965,Life expectancy,SP.DYN.LE00.IN,38.221
Nigeria,NGA,1966,Life expectancy,SP.DYN.LE00.IN,38.355
Nigeria,NGA,1967,Life expectancy,SP.DYN.LE00.IN,37.497
Nigeria,NGA,1968,Life expectancy,SP.DYN.LE00.IN,38.642
Nigeria,NGA,1969,Life expectancy,SP.DYN.LE00.IN,38.946
Nigeria,NGA,1970,Life expectancy,SP.DYN.LE00.IN,40.008
Nigeria,NGA,1971,Life expectancy,SP.DYN.LE00.IN,40.606
Nigeria,NGA,1972,Life expectancy,SP.DYN.LE00.IN,41.273
Nigeria,NGA,1973,Life expectancy,SP.DYN.LE00.IN,41.831
Nigeria,NGA,1974,Life expectancy,SP.DYN.LE00.IN,42.489
Nigeria,NGA,1975,Life expectancy,SP.DYN.LE00.IN,43.054
Nigeria,NGA,1976,Life expectancy,SP.DYN.LE00.IN,44.186
Nigeria,NGA,1977,Life expectancy,SP.DYN.LE00.IN,44.847
Nigeria,NGA,1978,Life expectancy,SP.DYN.LE00.IN,45.348
Nigeria,NGA,1979,Life expectancy,SP.DYN.LE00.IN,45.738
Nigeria,NGA,1980,Life expectancy,SP.DYN.LE00.IN,45.959
Nigeria,NGA,1981,Life expectancy,SP.DYN.LE00.IN,46.309
Nigeria,NGA,1982,Life expectancy,SP.DYN.LE00.IN,46.437
Nigeria,NGA,1983,Life expectancy,SP.DYN.LE00.IN,46.442
Nigeria,NGA,1984,Life expectancy,SP.DYN.LE00.IN,46.339
Nigeria,NGA,1985,Life expectancy,SP.DYN.LE00.IN,46.193
Nigeria,NGA,1986,Life expectancy,SP.DYN.LE00.IN,45.953
Nigeria,NGA,1987,Life expectancy,SP.DYN.LE00.IN,45.89
Nigeria,NGA,1988,Life expectancy,SP.DYN.LE00.IN,45.834
Nigeria,NGA,1989,Life expectancy,SP.DYN.LE00.IN,45.83
Nigeria,NGA,1990,Life expectancy,SP.DYN.LE00.IN,45.733
Nigeria,NGA,1991,Life expectancy,SP.DYN.LE00.IN,45.483
Nigeria,NGA,1992,Life expectancy,SP.DYN.LE00.IN,45.587
Nigeria,NGA,1993,Life expectancy,SP.DYN.LE00.IN,45.783
Nigeria,NGA,1994,Life expectancy,SP.DYN.LE00.IN,45.748
Nigeria,NGA,1995,Life expectancy,SP.DYN.LE00.IN,45.87
Nigeria,NGA,1996,Life expectancy,SP.DYN.LE00.IN,45.833
Nigeria,NGA,1997,Life expectancy,SP.DYN.LE00.IN,45.96
Nigeria,NGA,1998,Life expectancy,SP.DYN.LE00.IN,46.148
Nigeria,NGA,1999,Life expectancy,SP.DYN.LE00.IN,46.609
Nigeria,NGA,2000,Life expectancy,SP.DYN.LE00.IN,47.143
Nigeria,NGA,2001,Life expectancy,SP.DYN.LE00.IN,47.549
Nigeria,NGA,2002,Life expectancy,SP.DYN.LE00.IN,48.02
Nigeria,NGA,2003,Life expectancy,SP.DYN.LE00.IN,48.618
Nigeria,NGA,2004,Life expectancy,SP.DYN.LE00.IN,49.148
Nigeria,NGA,2005,Life expectancy,SP.DYN.LE00.IN,49.538
Nigeria,NGA,2006,Life expectancy,SP.DYN.LE00.IN,49.876
Nigeria,NGA,2007,Life expectancy,SP.DYN.LE00.IN,50.381
Nigeria,NGA,2008,Life expectancy,SP.DYN.LE00.IN,50.748
Nigeria,NGA,2009,Life expectancy,SP.DYN.LE00.IN,51.08
Nigeria,NGA,2010,Life expectancy,SP.DYN.LE00.IN,51.315
Nigeria,NGA,2011,Life expectancy,SP.DYN.LE00.IN,51.49
Nigeria,NGA,2012,Life expectancy,SP.DYN.LE00.IN,51.688
Nigeria,NGA,2013,Life expectancy,SP.DYN.LE00.IN,51.827
Nigeria,NGA,2014,Life expectancy,SP.DYN.LE00.IN,51.94
Nigeria,NGA,2015,Life expectancy,SP.DYN.LE00.IN,51.939
Nigeria,NGA,2016,Life expectancy,SP.DYN.LE00.IN,52.189
Nigeria,NGA,2017,Life expectancy,SP.DYN.LE00.IN,52.397
Nigeria,NGA,2018,Life expectancy,SP.DYN.LE00.IN,52.669
Nigeria,NGA,2019,Life expectancy,SP.DYN.LE00.IN,53.009
Nigeria,NGA,2020,Life expectancy,SP.DYN.LE00.IN,53.072
Nigeria,NGA,2021,Life expectancy,SP.DYN.LE00.IN,53.455
Nigeria,NGA,2022,Life expectancy,SP.DYN.LE00.IN,54.079
Nigeria,NGA,2023,Life expectancy,SP.DYN.LE00.IN,54.462
Nigeria,NGA,2024,Life expectancy,SP.DYN.LE00.IN,54.635
Nigeria,NGA,2025,Life expectancy,SP.DYN.LE00.IN,
Nigeria,NGA,1960,Population,SP.POP.TOTL,45053782.0
Nigeria,NGA,1961,Population,SP.POP.TOTL,45989310.0
Nigeria,NGA,1962,Population,SP.POP.TOTL,46965292.0
Nigeria,NGA,1963,Population,SP.POP.TOTL,47973575.0
Nigeria,NGA,1964,Population,SP.POP.TOTL,49012016.0
Nigeria,NGA,1965,Population,SP.POP.TOTL,50086764.0
Nigeria,NGA,1966,Population,SP.POP.TOTL,51188234.0
Nigeria,NGA,1967,Population,SP.POP.TOTL,52293065.0
Nigeria,NGA,1968,Population,SP.POP.TOTL,53432783.0
Nigeria,NGA,1969,Population,SP.POP.TOTL,54631914.0
Nigeria,NGA,1970,Population,SP.POP.TOTL,55893838.0
Nigeria,NGA,1971,Population,SP.POP.TOTL,57214684.0
Nigeria,NGA,1972,Population,SP.POP.TOTL,58601748.0
Nigeria,NGA,1973,Population,SP.POP.TOTL,60082139.0
Nigeria,NGA,1974,Population,SP.POP.TOTL,61679144.0
Nigeria,NGA,1975,Population,SP.POP.TOTL,63410815.0
Nigeria,NGA,1976,Population,SP.POP.TOTL,65258009.0
Nigeria,NGA,1977,Population,SP.POP.TOTL,67234590.0
Nigeria,NGA,1978,Population,SP.POP.TOTL,69326532.0
Nigeria,NGA,1979,Population,SP.POP.TOTL,71498242.0
Nigeria,NGA,1980,Population,SP.POP.TOTL,73764641.0
Nigeria,NGA,1981,Population,SP.POP.TOTL,76068103.0
Nigeria,NGA,1982,Population,SP.POP.TOTL,78378701.0
Nigeria,NGA,1983,Population,SP.POP.TOTL,80438260.0
Nigeria,NGA,1984,Population,SP.POP.TOTL,82526443.0
Nigeria,NGA,1985,Population,SP.POP.TOTL,84897973.0
Nigeria,NGA,1986,Population,SP.POP.TOTL,87235953.0
Nigeria,NGA,1987,Population,SP.POP.TOTL,89591716.0
Nigeria,NGA,1988,Population,SP.POP.TOTL,92020090.0
Nigeria,NGA,1989,Population,SP.POP.TOTL,94531014.0
Nigeria,NGA,1990,Population,SP.POP.TOTL,97120925.0
Nigeria,NGA,1991,Population,SP.POP.TOTL,99720162.0
Nigeria,NGA,1992,Population,SP.POP.TOTL,102372770.0
Nigeria,NGA,1993,Population,SP.POP.TOTL,105122069.0
Nigeria,NGA,1994,Population,SP.POP.TOTL,107935714.0
Nigeria,NGA,1995,Population,SP.POP.TOTL,110819428.0
Nigeria,NGA,1996,Population,SP.POP.TOTL,113754779.0
Nigeria,NGA,1997,Population,SP.POP.TOTL,116754792.0
Nigeria,NGA,1998,Population,SP.POP.TOTL,119846254.0
Nigeria,NGA,1999,Population,SP.POP.TOTL,123047320.0
Nigeria,NGA,2000,Population,SP.POP.TOTL,126382494.0
Nigeria,NGA,2001,Population,SP.POP.TOTL,129862595.0
Nigeria,NGA,2002,Population,SP.POP.TOTL,133471989.0
Nigeria,NGA,2003,Population,SP.POP.TOTL,137202644.0
Nigeria,NGA,2004,Population,SP.POP.TOTL,141057045.0
Nigeria,NGA,2005,Population,SP.POP.TOTL,145017253.0
Nigeria,NGA,2006,Population,SP.POP.TOTL,149077334.0
Nigeria,NGA,2007,Population,SP.POP.TOTL,153267261.0
Nigeria,NGA,2008,Population,SP.POP.TOTL,157595014.0
Nigeria,NGA,2009,Population,SP.POP.TOTL,162049464.0
Nigeria,NGA,2010,Population,SP.POP.TOTL,166642886.0
Nigeria,NGA,2011,Population,SP.POP.TOTL,171379598.0
Nigeria,NGA,2012,Population,SP.POP.TOTL,176200625.0
Nigeria,NGA,2013,Population,SP.POP.TOTL,181049443.0
Nigeria,NGA,2014,Population,SP.POP.TOTL,185896915.0
Nigeria,NGA,2015,Population,SP.POP.TOTL,190671878.0
Nigeria,NGA,2016,Population,SP.POP.TOTL,195443700.0
Nigeria,NGA,2017,Population,SP.POP.TOTL,200254579.0
Nigeria,NGA,2018,Population,SP.POP.TOTL,204938755.0
Nigeria,NGA,2019,Population,SP.POP.TOTL,209485641.0
Nigeria,NGA,2020,Population,SP.POP.TOTL,213996181.0
Nigeria,NGA,2021,Population,SP.POP.TOTL,218529286.0
Nigeria,NGA,2022,Population,SP.POP.TOTL,223150896.0
Nigeria,NGA,2023,Population,SP.POP.TOTL,227882945.0
Nigeria,NGA,2024,Population,SP.POP.TOTL,232679478.0
Nigeria,NGA,2025,Population,SP.POP.TOTL,237527782.0
Nigeria,NGA,1960,Unemployment,SL.UEM.TOTL.ZS,
Nigeria,NGA,1961,Unemployment,SL.UEM.TOTL.ZS,
Nigeria,NGA,1962,Unemployment,SL.UEM.TOTL.ZS,
Nigeria,NGA,1963,Unemployment,SL.UEM.TOTL.ZS,
Nigeria,NGA,1964,Unemployment,SL.UEM.TOTL.ZS,
Nigeria,NGA,1965,Unemployment,SL.UEM.TOTL.ZS,
Nigeria,NGA,1966,Unemployment,SL.UEM.TOTL.ZS,
Nigeria,NGA,1967,Unemployment,SL.UEM.TOTL.ZS,
Nigeria,NGA,1968,Unemployment,SL.UEM.TOTL.ZS,
Nigeria,NGA,1969,Unemployment,SL.UEM.TOTL.ZS,
Nigeria,NGA,1970,Unemployment,SL.UEM.TOTL.ZS,
Nigeria,NGA,1971,Unemployment,SL.UEM.TOTL.ZS,
Nigeria,NGA,1972,Unemployment,SL.UEM.TOTL.ZS,
Nigeria,NGA,1973,Unemployment,SL.UEM.TOTL.ZS,
Nigeria,NGA,1974,Unemployment,SL.UEM.TOTL.ZS,
Nigeria,NGA,1975,Unemployment,SL.UEM.TOTL.ZS,
Nigeria,NGA,1976,Unemployment,SL.UEM.TOTL.ZS,
Nigeria,NGA,1977,Unemployment,SL.UEM.TOTL.ZS,
Nigeria,NGA,1978,Unemployment,SL.UEM.TOTL.ZS,
Nigeria,NGA,1979,Unemployment,SL.UEM.TOTL.ZS,
Nigeria,NGA,1980,Unemployment,SL.UEM.TOTL.ZS,
Nigeria,NGA,1981,Unemployment,SL.UEM.TOTL.ZS,
Nigeria,NGA,1982,Unemployment,SL.UEM.TOTL.ZS,
Nigeria,NGA,1983,Unemployment,SL.UEM.TOTL.ZS,
Nigeria,NGA,1984,Unemployment,SL.UEM.TOTL.ZS,
Nigeria,NGA,1985,Unemployment,SL.UEM.TOTL.ZS,
Nigeria,NGA,1986,Unemployment,SL.UEM.TOTL.ZS,
Nigeria,NGA,1987,Unemployment,SL.UEM.TOTL.ZS,
Nigeria,NGA,1988,Unemployment,SL.UEM.TOTL.ZS,
Nigeria,NGA,1989,Unemployment,SL.UEM.TOTL.ZS,
Nigeria,NGA,1990,Unemployment,SL.UEM.TOTL.ZS,
Nigeria,NGA,1991,Unemployment,SL.UEM.TOTL.ZS,3.831
Nigeria,NGA,1992,Unemployment,SL.UEM.TOTL.ZS,3.79
Nigeria,NGA,1993,Unemployment,SL.UEM.TOTL.ZS,4.023
Nigeria,NGA,1994,Unemployment,SL.UEM.TOTL.ZS,4.064
Nigeria,NGA,1995,Unemployment,SL.UEM.TOTL.ZS,4.152
Nigeria,NGA,1996,Unemployment,SL.UEM.TOTL.ZS,4.043
Nigeria,NGA,1997,Unemployment,SL.UEM.TOTL.ZS,3.964
Nigeria,NGA,1998,Unemployment,SL.UEM.TOTL.ZS,3.922
Nigeria,NGA,1999,Unemployment,SL.UEM.TOTL.ZS,3.986
Nigeria,NGA,2000,Unemployment,SL.UEM.TOTL.ZS,3.953
Nigeria,NGA,2001,Unemployment,SL.UEM.TOTL.ZS,3.9
Nigeria,NGA,2002,Unemployment,SL.UEM.TOTL.ZS,3.669
Nigeria,NGA,2003,Unemployment,SL.UEM.TOTL.ZS,3.637
Nigeria,NGA,2004,Unemployment,SL.UEM.TOTL.ZS,3.59
Nigeria,NGA,2005,Unemployment,SL.UEM.TOTL.ZS,3.727
Nigeria,NGA,2006,Unemployment,SL.UEM.TOTL.ZS,3.749
Nigeria,NGA,2007,Unemployment,SL.UEM.TOTL.ZS,3.794
Nigeria,NGA,2008,Unemployment,SL.UEM.TOTL.ZS,3.792
Nigeria,NGA,2009,Unemployment,SL.UEM.TOTL.ZS,3.763
Nigeria,NGA,2010,Unemployment,SL.UEM.TOTL.ZS,3.744
Nigeria,NGA,2011,Unemployment,SL.UEM.TOTL.ZS,3.77
Nigeria,NGA,2012,Unemployment,SL.UEM.TOTL.ZS,3.761
Nigeria,NGA,2013,Unemployment,SL.UEM.TOTL.ZS,3.711
Nigeria,NGA,2014,Unemployment,SL.UEM.TOTL.ZS,3.9
Nigeria,NGA,2015,Unemployment,SL.UEM.TOTL.ZS,4.134
Nigeria,NGA,2016,Unemployment,SL.UEM.TOTL.ZS,4.499
Nigeria,NGA,2017,Unemployment,SL.UEM.TOTL.ZS,4.83
Nigeria,NGA,2018,Unemployment,SL.UEM.TOTL.ZS,5.069
Nigeria,NGA,2019,Unemployment,SL.UEM.TOTL.ZS,5.206
Nigeria,NGA,2020,Unemployment,SL.UEM.TOTL.ZS,5.714
Nigeria,NGA,2021,Unemployment,SL.UEM.TOTL.ZS,5.404
Nigeria,NGA,2022,Unemployment,SL.UEM.TOTL.ZS,3.827
Nigeria,NGA,2023,Unemployment,SL.UEM.TOTL.ZS,3.074
Nigeria,NGA,2024,Unemployment,SL.UEM.TOTL.ZS,3.045
Nigeria,NGA,2025,Unemployment,SL.UEM.TOTL.ZS,3.064
South Africa,ZAF,1960,GDP (current US$),NY.GDP.MKTP.CD,8748596500.5614
South Africa,ZAF,1961,GDP (current US$),NY.GDP.MKTP.CD,9225996309.60148
South Africa,ZAF,1962,GDP (current US$),NY.GDP.MKTP.CD,9813996074.40157
South Africa,ZAF,1963,GDP (current US$),NY.GDP.MKTP.CD,10854195658.3217
South Africa,ZAF,1964,GDP (current US$),NY.GDP.MKTP.CD,11955995217.6019
South Africa,ZAF,1965,GDP (current US$),NY.GDP.MKTP.CD,13068994772.4021
South Africa,ZAF,1966,GDP (current US$),NY.GDP.MKTP.CD,14211394315.4423
South Africa,ZAF,1967,GDP (current US$),NY.GDP.MKTP.CD,15821393671.4425
South Africa,ZAF,1968,GDP (current US$),NY.GDP.MKTP.CD,17124793150.0827
South Africa,ZAF,1969,GDP (current US$),NY.GDP.MKTP.CD,19256992297.2031
South Africa,ZAF,1970,GDP (current US$),NY.GDP.MKTP.CD,21218391512.6434
South Africa,ZAF,1971,GDP (current US$),NY.GDP.MKTP.CD,23411076638.279
South Africa,ZAF,1972,GDP (current US$),NY.GDP.MKTP.CD,24515919216.8851
South Africa,ZAF,1973,GDP (current US$),NY.GDP.MKTP.CD,33262772008.1446
South Africa,ZAF,1974,GDP (current US$),NY.GDP.MKTP.CD,41389186094.5992
South Africa,ZAF,1975,GDP (current US$),NY.GDP.MKTP.CD,42906905672.42
South Africa,ZAF,1976,GDP (current US$),NY.GDP.MKTP.CD,41150460287.6151
South Africa,ZAF,1977,GDP (current US$),NY.GDP.MKTP.CD,45328411332.1028
South Africa,ZAF,1978,GDP (current US$),NY.GDP.MKTP.CD,51607412901.8532
South Africa,ZAF,1979,GDP (current US$),NY.GDP.MKTP.CD,63038658088.9121
South Africa,ZAF,1980,GDP (current US$),NY.GDP.MKTP.CD,89411864402.4272
South Africa,ZAF,1981,GDP (current US$),NY.GDP.MKTP.CD,93141472163.7596
South Africa,ZAF,1982,GDP (current US$),NY.GDP.MKTP.CD,85904057409.3585
South Africa,ZAF,1983,GDP (current US$),NY.GDP.MKTP.CD,96204110941.5672
South Africa,ZAF,1984,GDP (current US$),NY.GDP.MKTP.CD,84870163365.9306
South Africa,ZAF,1985,GDP (current US$),NY.GDP.MKTP.CD,64459376086.6883
South Africa,ZAF,1986,GDP (current US$),NY.GDP.MKTP.CD,73354771399.2627
South Africa,ZAF,1987,GDP (current US$),NY.GDP.MKTP.CD,96535763418.3729
South Africa,ZAF,1988,GDP (current US$),NY.GDP.MKTP.CD,103976831870.957
South Africa,ZAF,1989,GDP (current US$),NY.GDP.MKTP.CD,108055624081.806
South Africa,ZAF,1990,GDP (current US$),NY.GDP.MKTP.CD,126048140141.869
South Africa,ZAF,1991,GDP (current US$),NY.GDP.MKTP.CD,135203698237.977
South Africa,ZAF,1992,GDP (current US$),NY.GDP.MKTP.CD,146956150986.636
South Africa,ZAF,1993,GDP (current US$),NY.GDP.MKTP.CD,147194747565.75
South Africa,ZAF,1994,GDP (current US$),NY.GDP.MKTP.CD,153512712381.836
South Africa,ZAF,1995,GDP (current US$),NY.GDP.MKTP.CD,171735933897.331
South Africa,ZAF,1996,GDP (current US$),NY.GDP.MKTP.CD,163234925380.563
South Africa,ZAF,1997,GDP (current US$),NY.GDP.MKTP.CD,168978057327.73
South Africa,ZAF,1998,GDP (current US$),NY.GDP.MKTP.CD,152982984557.233
South Africa,ZAF,1999,GDP (current US$),NY.GDP.MKTP.CD,151516957078.536
South Africa,ZAF,2000,GDP (current US$),NY.GDP.MKTP.CD,151752757215.309
South Africa,ZAF,2001,GDP (current US$),NY.GDP.MKTP.CD,135429905922.526
South Africa,ZAF,2002,GDP (current US$),NY.GDP.MKTP.CD,129087556612.449
South Africa,ZAF,2003,GDP (current US$),NY.GDP.MKTP.CD,197018965308.697
South Africa,ZAF,2004,GDP (current US$),NY.GDP.MKTP.CD,255806908594.573
South Africa,ZAF,2005,GDP (current US$),NY.GDP.MKTP.CD,288867217196.534
South Africa,ZAF,2006,GDP (current US$),NY.GDP.MKTP.CD,303858675363.643
South Africa,ZAF,2007,GDP (current US$),NY.GDP.MKTP.CD,333077117253.684
South Africa,ZAF,2008,GDP (current US$),NY.GDP.MKTP.CD,316131258616.309
South Africa,ZAF,2009,GDP (current US$),NY.GDP.MKTP.CD,329754060647.129
South Africa,ZAF,2010,GDP (current US$),NY.GDP.MKTP.CD,417363822801.713
South Africa,ZAF,2011,GDP (current US$),NY.GDP.MKTP.CD,458199494830.834
South Africa,ZAF,2012,GDP (current US$),NY.GDP.MKTP.CD,434400545085.811
South Africa,ZAF,2013,GDP (current US$),NY.GDP.MKTP.CD,400886013595.573
South Africa,ZAF,2014,GDP (current US$),NY.GDP.MKTP.CD,381198869776.106
South Africa,ZAF,2015,GDP (current US$),NY.GDP.MKTP.CD,346709790458.563
South Africa,ZAF,2016,GDP (current US$),NY.GDP.MKTP.CD,323585509674.481
South Africa,ZAF,2017,GDP (current US$),NY.GDP.MKTP.CD,381448814653.456
South Africa,ZAF,2018,GDP (current US$),NY.GDP.MKTP.CD,405260723892.517
South Africa,ZAF,2019,GDP (current US$),NY.GDP.MKTP.CD,389330032224.269
South Africa,ZAF,2020,GDP (current US$),NY.GDP.MKTP.CD,337974655408.055
South Africa,ZAF,2021,GDP (current US$),NY.GDP.MKTP.CD,419986284375.368
South Africa,ZAF,2022,GDP (current US$),NY.GDP.MKTP.CD,407596043067.885
South Africa,ZAF,2023,GDP (current US$),NY.GDP.MKTP.CD,381440724491.232
South Africa,ZAF,2024,GDP (current US$),NY.GDP.MKTP.CD,401144998373.585
South Africa,ZAF,2025,GDP (current US$),NY.GDP.MKTP.CD,427184325997.307
South Africa,ZAF,1960,GDP per capita (current US$),NY.GDP.PCAP.CD,532.147504330332
South Africa,ZAF,1961,GDP per capita (current US$),NY.GDP.PCAP.CD,545.657511922673
South Africa,ZAF,1962,GDP per capita (current US$),NY.GDP.PCAP.CD,563.423008817945
South Africa,ZAF,1963,GDP per capita (current US$),NY.GDP.PCAP.CD,604.536855270991
South Africa,ZAF,1964,GDP per capita (current US$),NY.GDP.PCAP.CD,645.873375685446
South Africa,ZAF,1965,GDP per capita (current US$),NY.GDP.PCAP.CD,684.62122774035
South Africa,ZAF,1966,GDP per capita (current US$),NY.GDP.PCAP.CD,721.75375941418
South Africa,ZAF,1967,GDP per capita (current US$),NY.GDP.PCAP.CD,778.839335829791
South Africa,ZAF,1968,GDP per capita (current US$),NY.GDP.PCAP.CD,817.128340614066
South Africa,ZAF,1969,GDP per capita (current US$),NY.GDP.PCAP.CD,890.922089102936
South Africa,ZAF,1970,GDP per capita (current US$),NY.GDP.PCAP.CD,952.352188073537
South Africa,ZAF,1971,GDP per capita (current US$),NY.GDP.PCAP.CD,1020.43983590718
South Africa,ZAF,1972,GDP per capita (current US$),NY.GDP.PCAP.CD,1038.39407468283
South Africa,ZAF,1973,GDP per capita (current US$),NY.GDP.PCAP.CD,1369.16160033933
South Africa,ZAF,1974,GDP per capita (current US$),NY.GDP.PCAP.CD,1656.2890557998
South Africa,ZAF,1975,GDP per capita (current US$),NY.GDP.PCAP.CD,1670.11816898954
South Africa,ZAF,1976,GDP per capita (current US$),NY.GDP.PCAP.CD,1558.99824733487
South Africa,ZAF,1977,GDP per capita (current US$),NY.GDP.PCAP.CD,1671.46618837272
South Africa,ZAF,1978,GDP per capita (current US$),NY.GDP.PCAP.CD,1851.75191300848
South Africa,ZAF,1979,GDP per capita (current US$),NY.GDP.PCAP.CD,2201.51922339868
South Africa,ZAF,1980,GDP per capita (current US$),NY.GDP.PCAP.CD,3028.97447561832
South Africa,ZAF,1981,GDP per capita (current US$),NY.GDP.PCAP.CD,3049.71474333882
South Africa,ZAF,1982,GDP per capita (current US$),NY.GDP.PCAP.CD,2717.16388710425
South Africa,ZAF,1983,GDP per capita (current US$),NY.GDP.PCAP.CD,2938.48980239675
South Africa,ZAF,1984,GDP per capita (current US$),NY.GDP.PCAP.CD,2504.07736790289
South Africa,ZAF,1985,GDP per capita (current US$),NY.GDP.PCAP.CD,1839.4841908184
South Africa,ZAF,1986,GDP per capita (current US$),NY.GDP.PCAP.CD,2027.4662038189
South Africa,ZAF,1987,GDP per capita (current US$),NY.GDP.PCAP.CD,2586.27423314228
South Africa,ZAF,1988,GDP per capita (current US$),NY.GDP.PCAP.CD,2702.05504774508
South Africa,ZAF,1989,GDP per capita (current US$),NY.GDP.PCAP.CD,2726.70980679488
South Africa,ZAF,1990,GDP per capita (current US$),NY.GDP.PCAP.CD,3093.48920352334
South Africa,ZAF,1991,GDP per capita (current US$),NY.GDP.PCAP.CD,3243.23616023953
South Africa,ZAF,1992,GDP per capita (current US$),NY.GDP.PCAP.CD,3462.39400202835
South Africa,ZAF,1993,GDP per capita (current US$),NY.GDP.PCAP.CD,3399.64009566241
South Africa,ZAF,1994,GDP per capita (current US$),NY.GDP.PCAP.CD,3488.59711541763
South Africa,ZAF,1995,GDP per capita (current US$),NY.GDP.PCAP.CD,3855.6340871567
South Africa,ZAF,1996,GDP per capita (current US$),NY.GDP.PCAP.CD,3617.55336002932
South Africa,ZAF,1997,GDP per capita (current US$),NY.GDP.PCAP.CD,3700.23554789867
South Africa,ZAF,1998,GDP per capita (current US$),NY.GDP.PCAP.CD,3309.60933087472
South Africa,ZAF,1999,GDP per capita (current US$),NY.GDP.PCAP.CD,3242.36830483958
South Africa,ZAF,2000,GDP per capita (current US$),NY.GDP.PCAP.CD,3217.84693448467
South Africa,ZAF,2001,GDP per capita (current US$),NY.GDP.PCAP.CD,2847.15191945908
South Africa,ZAF,2002,GDP per capita (current US$),NY.GDP.PCAP.CD,2688.23676032806
South Africa,ZAF,2003,GDP per capita (current US$),NY.GDP.PCAP.CD,4062.21755993786
South Africa,ZAF,2004,GDP per capita (current US$),NY.GDP.PCAP.CD,5221.46333731721
South Africa,ZAF,2005,GDP per capita (current US$),NY.GDP.PCAP.CD,5836.87663325127
South Africa,ZAF,2006,GDP per capita (current US$),NY.GDP.PCAP.CD,6077.38293388876
South Africa,ZAF,2007,GDP per capita (current US$),NY.GDP.PCAP.CD,6591.85535960564
South Africa,ZAF,2008,GDP per capita (current US$),NY.GDP.PCAP.CD,6184.75474328399
South Africa,ZAF,2009,GDP per capita (current US$),NY.GDP.PCAP.CD,6374.70560042992
South Africa,ZAF,2010,GDP per capita (current US$),NY.GDP.PCAP.CD,7973.47195771517
South Africa,ZAF,2011,GDP per capita (current US$),NY.GDP.PCAP.CD,8646.05571071635
South Africa,ZAF,2012,GDP per capita (current US$),NY.GDP.PCAP.CD,8076.97678479741
South Africa,ZAF,2013,GDP per capita (current US$),NY.GDP.PCAP.CD,7331.65467384919
South Africa,ZAF,2014,GDP per capita (current US$),NY.GDP.PCAP.CD,6856.73137092522
South Africa,ZAF,2015,GDP per capita (current US$),NY.GDP.PCAP.CD,6112.27382485974
South Africa,ZAF,2016,GDP per capita (current US$),NY.GDP.PCAP.CD,5651.20585165749
South Africa,ZAF,2017,GDP per capita (current US$),NY.GDP.PCAP.CD,6618.33508255701
South Africa,ZAF,2018,GDP per capita (current US$),NY.GDP.PCAP.CD,6914.1780318076
South Africa,ZAF,2019,GDP per capita (current US$),NY.GDP.PCAP.CD,6533.71121032856
South Africa,ZAF,2020,GDP per capita (current US$),NY.GDP.PCAP.CD,5580.60383075189
South Africa,ZAF,2021,GDP per capita (current US$),NY.GDP.PCAP.CD,6828.75624590017
South Africa,ZAF,2022,GDP per capita (current US$),NY.GDP.PCAP.CD,6534.24867783397
South Africa,ZAF,2023,GDP per capita (current US$),NY.GDP.PCAP.CD,6034.27208964673
South Africa,ZAF,2024,GDP per capita (current US$),NY.GDP.PCAP.CD,6267.186814093
South Africa,ZAF,2025,GDP per capita (current US$),NY.GDP.PCAP.CD,6597.71450918774
South Africa,ZAF,1960,Inflation,FP.CPI.TOTL.ZG,1.28887692687992
South Africa,ZAF,1961,Inflation,FP.CPI.TOTL.ZG,2.10235059955978
South Africa,ZAF,1962,Inflation,FP.CPI.TOTL.ZG,1.24627519965495
South Africa,ZAF,1963,Inflation,FP.CPI.TOTL.ZG,1.33797064490693
South Africa,ZAF,1964,Inflation,FP.CPI.TOTL.ZG,2.53498854234898
South Africa,ZAF,1965,Inflation,FP.CPI.TOTL.ZG,4.06901853294584
South Africa,ZAF,1966,Inflation,FP.CPI.TOTL.ZG,3.48923715385175
South Africa,ZAF,1967,Inflation,FP.CPI.TOTL.ZG,3.53896580236233
South Africa,ZAF,1968,Inflation,FP.CPI.TOTL.ZG,1.98613362103222
South Africa,ZAF,1969,Inflation,FP.CPI.TOTL.ZG,3.23821721585667
South Africa,ZAF,1970,Inflation,FP.CPI.TOTL.ZG,4.99192455435617
South Africa,ZAF,1971,Inflation,FP.CPI.TOTL.ZG,5.95742085213486
South Africa,ZAF,1972,Inflation,FP.CPI.TOTL.ZG,6.42567638879175
South Africa,ZAF,1973,Inflation,FP.CPI.TOTL.ZG,9.43398376978394
South Africa,ZAF,1974,Inflation,FP.CPI.TOTL.ZG,11.7241315190611
South Africa,ZAF,1975,Inflation,FP.CPI.TOTL.ZG,13.4259248530376
South Africa,ZAF,1976,Inflation,FP.CPI.TOTL.ZG,11.0204105892452
South Africa,ZAF,1977,Inflation,FP.CPI.TOTL.ZG,11.15195783193
South Africa,ZAF,1978,Inflation,FP.CPI.TOTL.ZG,11.1356088829565
South Africa,ZAF,1979,Inflation,FP.CPI.TOTL.ZG,13.2936624628059
South Africa,ZAF,1980,Inflation,FP.CPI.TOTL.ZG,13.6602404681115
South Africa,ZAF,1981,Inflation,FP.CPI.TOTL.ZG,15.2542337674194
South Africa,ZAF,1982,Inflation,FP.CPI.TOTL.ZG,14.6390405853128
South Africa,ZAF,1983,Inflation,FP.CPI.TOTL.ZG,12.3032053006006
South Africa,ZAF,1984,Inflation,FP.CPI.TOTL.ZG,11.526481434496
South Africa,ZAF,1985,Inflation,FP.CPI.TOTL.ZG,16.2942252426421
South Africa,ZAF,1986,Inflation,FP.CPI.TOTL.ZG,18.6549230388755
South Africa,ZAF,1987,Inflation,FP.CPI.TOTL.ZG,16.1605948546791
South Africa,ZAF,1988,Inflation,FP.CPI.TOTL.ZG,12.779553083028
South Africa,ZAF,1989,Inflation,FP.CPI.TOTL.ZG,14.7308753982381
South Africa,ZAF,1990,Inflation,FP.CPI.TOTL.ZG,14.3209918914915
South Africa,ZAF,1991,Inflation,FP.CPI.TOTL.ZG,15.3347785733672
South Africa,ZAF,1992,Inflation,FP.CPI.TOTL.ZG,13.874703748615
South Africa,ZAF,1993,Inflation,FP.CPI.TOTL.ZG,9.71742729803028
South Africa,ZAF,1994,Inflation,FP.CPI.TOTL.ZG,8.938563723594
South Africa,ZAF,1995,Inflation,FP.CPI.TOTL.ZG,8.68042421392631
South Africa,ZAF,1996,Inflation,FP.CPI.TOTL.ZG,7.35411972085333
South Africa,ZAF,1997,Inflation,FP.CPI.TOTL.ZG,8.59777611252274
South Africa,ZAF,1998,Inflation,FP.CPI.TOTL.ZG,6.88054521037351
South Africa,ZAF,1999,Inflation,FP.CPI.TOTL.ZG,5.18148905111697
South Africa,ZAF,2000,Inflation,FP.CPI.TOTL.ZG,5.33895913599828
South Africa,ZAF,2001,Inflation,FP.CPI.TOTL.ZG,5.70189483049608
South Africa,ZAF,2002,Inflation,FP.CPI.TOTL.ZG,9.494713780996
South Africa,ZAF,2003,Inflation,FP.CPI.TOTL.ZG,5.67942414068799
South Africa,ZAF,2004,Inflation,FP.CPI.TOTL.ZG,-0.692039437857687
South Africa,ZAF,2005,Inflation,FP.CPI.TOTL.ZG,2.06285308223427
South Africa,ZAF,2006,Inflation,FP.CPI.TOTL.ZG,3.2439076541923
South Africa,ZAF,2007,Inflation,FP.CPI.TOTL.ZG,6.17781214809388
South Africa,ZAF,2008,Inflation,FP.CPI.TOTL.ZG,9.90998456005467
South Africa,ZAF,2009,Inflation,FP.CPI.TOTL.ZG,7.23809523809527
South Africa,ZAF,2010,Inflation,FP.CPI.TOTL.ZG,4.06749555950263
South Africa,ZAF,2011,Inflation,FP.CPI.TOTL.ZG,5.0008533879502
South Africa,ZAF,2012,Inflation,FP.CPI.TOTL.ZG,5.73797139141739
South Africa,ZAF,2013,Inflation,FP.CPI.TOTL.ZG,5.78016910069176
South Africa,ZAF,2014,Inflation,FP.CPI.TOTL.ZG,6.13282953059149
South Africa,ZAF,2015,Inflation,FP.CPI.TOTL.ZG,4.51869094892506
South Africa,ZAF,2016,Inflation,FP.CPI.TOTL.ZG,6.60290842394872
South Africa,ZAF,2017,Inflation,FP.CPI.TOTL.ZG,5.18618655524149
South Africa,ZAF,2018,Inflation,FP.CPI.TOTL.ZG,4.50987264867388
South Africa,ZAF,2019,Inflation,FP.CPI.TOTL.ZG,4.10285075461156
South Africa,ZAF,2020,Inflation,FP.CPI.TOTL.ZG,3.23238831615113
South Africa,ZAF,2021,Inflation,FP.CPI.TOTL.ZG,4.61874544887136
South Africa,ZAF,2022,Inflation,FP.CPI.TOTL.ZG,7.03987272546482
South Africa,ZAF,2023,Inflation,FP.CPI.TOTL.ZG,6.0752438457966
South Africa,ZAF,2024,Inflation,FP.CPI.TOTL.ZG,4.36115246518962
South Africa,ZAF,2025,Inflation,FP.CPI.TOTL.ZG,3.20550474112603
South Africa,ZAF,1960,Internet users,IT.NET.USER.ZS,
South Africa,ZAF,1961,Internet users,IT.NET.USER.ZS,
South Africa,ZAF,1962,Internet users,IT.NET.USER.ZS,
South Africa,ZAF,1963,Internet users,IT.NET.USER.ZS,
South Africa,ZAF,1964,Internet users,IT.NET.USER.ZS,
South Africa,ZAF,1965,Internet users,IT.NET.USER.ZS,
South Africa,ZAF,1966,Internet users,IT.NET.USER.ZS,
South Africa,ZAF,1967,Internet users,IT.NET.USER.ZS,
South Africa,ZAF,1968,Internet users,IT.NET.USER.ZS,
South Africa,ZAF,1969,Internet users,IT.NET.USER.ZS,
South Africa,ZAF,1970,Internet users,IT.NET.USER.ZS,
South Africa,ZAF,1971,Internet users,IT.NET.USER.ZS,
South Africa,ZAF,1972,Internet users,IT.NET.USER.ZS,
South Africa,ZAF,1973,Internet users,IT.NET.USER.ZS,
South Africa,ZAF,1974,Internet users,IT.NET.USER.ZS,
South Africa,ZAF,1975,Internet users,IT.NET.USER.ZS,
South Africa,ZAF,1976,Internet users,IT.NET.USER.ZS,
South Africa,ZAF,1977,Internet users,IT.NET.USER.ZS,
South Africa,ZAF,1978,Internet users,IT.NET.USER.ZS,
South Africa,ZAF,1979,Internet users,IT.NET.USER.ZS,
South Africa,ZAF,1980,Internet users,IT.NET.USER.ZS,
South Africa,ZAF,1981,Internet users,IT.NET.USER.ZS,
South Africa,ZAF,1982,Internet users,IT.NET.USER.ZS,
South Africa,ZAF,1983,Internet users,IT.NET.USER.ZS,
South Africa,ZAF,1984,Internet users,IT.NET.USER.ZS,
South Africa,ZAF,1985,Internet users,IT.NET.USER.ZS,
South Africa,ZAF,1986,Internet users,IT.NET.USER.ZS,
South Africa,ZAF,1987,Internet users,IT.NET.USER.ZS,
South Africa,ZAF,1988,Internet users,IT.NET.USER.ZS,
South Africa,ZAF,1989,Internet users,IT.NET.USER.ZS,
South Africa,ZAF,1990,Internet users,IT.NET.USER.ZS,0.0
South Africa,ZAF,1991,Internet users,IT.NET.USER.ZS,0.0133
South Africa,ZAF,1992,Internet users,IT.NET.USER.ZS,0.0389
South Africa,ZAF,1993,Internet users,IT.NET.USER.ZS,0.114
South Africa,ZAF,1994,Internet users,IT.NET.USER.ZS,0.247
South Africa,ZAF,1995,Internet users,IT.NET.USER.ZS,0.677
South Africa,ZAF,1996,Internet users,IT.NET.USER.ZS,0.842
South Africa,ZAF,1997,Internet users,IT.NET.USER.ZS,1.63
South Africa,ZAF,1998,Internet users,IT.NET.USER.ZS,2.91
South Africa,ZAF,1999,Internet users,IT.NET.USER.ZS,4.12
South Africa,ZAF,2000,Internet users,IT.NET.USER.ZS,5.34855973203537
South Africa,ZAF,2001,Internet users,IT.NET.USER.ZS,6.34661931839768
South Africa,ZAF,2002,Internet users,IT.NET.USER.ZS,6.71032243705404
South Africa,ZAF,2003,Internet users,IT.NET.USER.ZS,7.00769172611251
South Africa,ZAF,2004,Internet users,IT.NET.USER.ZS,8.4251186825406
South Africa,ZAF,2005,Internet users,IT.NET.USER.ZS,7.48854252992921
South Africa,ZAF,2006,Internet users,IT.NET.USER.ZS,7.60713967477381
South Africa,ZAF,2007,Internet users,IT.NET.USER.ZS,8.06537517355504
South Africa,ZAF,2008,Internet users,IT.NET.USER.ZS,8.43
South Africa,ZAF,2009,Internet users,IT.NET.USER.ZS,10.0
South Africa,ZAF,2010,Internet users,IT.NET.USER.ZS,24.0
South Africa,ZAF,2011,Internet users,IT.NET.USER.ZS,33.97
South Africa,ZAF,2012,Internet users,IT.NET.USER.ZS,41.0
South Africa,ZAF,2013,Internet users,IT.NET.USER.ZS,46.5
South Africa,ZAF,2014,Internet users,IT.NET.USER.ZS,49.0
South Africa,ZAF,2015,Internet users,IT.NET.USER.ZS,51.91910172
South Africa,ZAF,2016,Internet users,IT.NET.USER.ZS,54.0
South Africa,ZAF,2017,Internet users,IT.NET.USER.ZS,56.16740036
South Africa,ZAF,2018,Internet users,IT.NET.USER.ZS,62.40000153
South Africa,ZAF,2019,Internet users,IT.NET.USER.ZS,69.69689941
South Africa,ZAF,2020,Internet users,IT.NET.USER.ZS,72.1128006
South Africa,ZAF,2021,Internet users,IT.NET.USER.ZS,74.96859741
South Africa,ZAF,2022,Internet users,IT.NET.USER.ZS,78.29319763
South Africa,ZAF,2023,Internet users,IT.NET.USER.ZS,78.33670044
South Africa,ZAF,2024,Internet users,IT.NET.USER.ZS,78.35759735
South Africa,ZAF,2025,Internet users,IT.NET.USER.ZS,
South Africa,ZAF,1960,Life expectancy,SP.DYN.LE00.IN,52.575
South Africa,ZAF,1961,Life expectancy,SP.DYN.LE00.IN,53.067
South Africa,ZAF,1962,Life expectancy,SP.DYN.LE00.IN,53.566
South Africa,ZAF,1963,Life expectancy,SP.DYN.LE00.IN,53.895
South Africa,ZAF,1964,Life expectancy,SP.DYN.LE00.IN,54.215
South Africa,ZAF,1965,Life expectancy,SP.DYN.LE00.IN,54.427
South Africa,ZAF,1966,Life expectancy,SP.DYN.LE00.IN,54.731
South Africa,ZAF,1967,Life expectancy,SP.DYN.LE00.IN,54.955
South Africa,ZAF,1968,Life expectancy,SP.DYN.LE00.IN,55.191
South Africa,ZAF,1969,Life expectancy,SP.DYN.LE00.IN,55.44
South Africa,ZAF,1970,Life expectancy,SP.DYN.LE00.IN,55.681
South Africa,ZAF,1971,Life expectancy,SP.DYN.LE00.IN,56.02
South Africa,ZAF,1972,Life expectancy,SP.DYN.LE00.IN,56.377
South Africa,ZAF,1973,Life expectancy,SP.DYN.LE00.IN,56.72
South Africa,ZAF,1974,Life expectancy,SP.DYN.LE00.IN,57.11
South Africa,ZAF,1975,Life expectancy,SP.DYN.LE00.IN,57.591
South Africa,ZAF,1976,Life expectancy,SP.DYN.LE00.IN,58.0
South Africa,ZAF,1977,Life expectancy,SP.DYN.LE00.IN,58.48
South Africa,ZAF,1978,Life expectancy,SP.DYN.LE00.IN,58.991
South Africa,ZAF,1979,Life expectancy,SP.DYN.LE00.IN,59.472
South Africa,ZAF,1980,Life expectancy,SP.DYN.LE00.IN,59.961
South Africa,ZAF,1981,Life expectancy,SP.DYN.LE00.IN,60.445
South Africa,ZAF,1982,Life expectancy,SP.DYN.LE00.IN,60.936
South Africa,ZAF,1983,Life expectancy,SP.DYN.LE00.IN,61.393
South Africa,ZAF,1984,Life expectancy,SP.DYN.LE00.IN,61.837
South Africa,ZAF,1985,Life expectancy,SP.DYN.LE00.IN,62.195
South Africa,ZAF,1986,Life expectancy,SP.DYN.LE00.IN,62.421
South Africa,ZAF,1987,Life expectancy,SP.DYN.LE00.IN,62.694
South Africa,ZAF,1988,Life expectancy,SP.DYN.LE00.IN,62.902
South Africa,ZAF,1989,Life expectancy,SP.DYN.LE00.IN,63.017
South Africa,ZAF,1990,Life expectancy,SP.DYN.LE00.IN,62.942
South Africa,ZAF,1991,Life expectancy,SP.DYN.LE00.IN,62.983
South Africa,ZAF,1992,Life expectancy,SP.DYN.LE00.IN,62.839
South Africa,ZAF,1993,Life expectancy,SP.DYN.LE00.IN,62.618
South Africa,ZAF,1994,Life expectancy,SP.DYN.LE00.IN,62.069
South Africa,ZAF,1995,Life expectancy,SP.DYN.LE00.IN,61.603
South Africa,ZAF,1996,Life expectancy,SP.DYN.LE00.IN,61.079
South Africa,ZAF,1997,Life expectancy,SP.DYN.LE00.IN,60.538
South Africa,ZAF,1998,Life expectancy,SP.DYN.LE00.IN,59.912
South Africa,ZAF,1999,Life expectancy,SP.DYN.LE00.IN,59.19
South Africa,ZAF,2000,Life expectancy,SP.DYN.LE00.IN,58.368
South Africa,ZAF,2001,Life expectancy,SP.DYN.LE00.IN,57.161
South Africa,ZAF,2002,Life expectancy,SP.DYN.LE00.IN,55.58
South Africa,ZAF,2003,Life expectancy,SP.DYN.LE00.IN,54.245
South Africa,ZAF,2004,Life expectancy,SP.DYN.LE00.IN,53.963
South Africa,ZAF,2005,Life expectancy,SP.DYN.LE00.IN,53.914
South Africa,ZAF,2006,Life expectancy,SP.DYN.LE00.IN,54.22
South Africa,ZAF,2007,Life expectancy,SP.DYN.LE00.IN,54.948
South Africa,ZAF,2008,Life expectancy,SP.DYN.LE00.IN,55.982
South Africa,ZAF,2009,Life expectancy,SP.DYN.LE00.IN,57.413
South Africa,ZAF,2010,Life expectancy,SP.DYN.LE00.IN,58.886
South Africa,ZAF,2011,Life expectancy,SP.DYN.LE00.IN,60.602
South Africa,ZAF,2012,Life expectancy,SP.DYN.LE00.IN,61.737
South Africa,ZAF,2013,Life expectancy,SP.DYN.LE00.IN,62.388
South Africa,ZAF,2014,Life expectancy,SP.DYN.LE00.IN,63.184
South Africa,ZAF,2015,Life expectancy,SP.DYN.LE00.IN,64.053
South Africa,ZAF,2016,Life expectancy,SP.DYN.LE00.IN,64.749
South Africa,ZAF,2017,Life expectancy,SP.DYN.LE00.IN,65.422
South Africa,ZAF,2018,Life expectancy,SP.DYN.LE00.IN,65.726
South Africa,ZAF,2019,Life expectancy,SP.DYN.LE00.IN,66.071
South Africa,ZAF,2020,Life expectancy,SP.DYN.LE00.IN,65.15
South Africa,ZAF,2021,Life expectancy,SP.DYN.LE00.IN,62.01
South Africa,ZAF,2022,Life expectancy,SP.DYN.LE00.IN,65.454
South Africa,ZAF,2023,Life expectancy,SP.DYN.LE00.IN,66.139
South Africa,ZAF,2024,Life expectancy,SP.DYN.LE00.IN,66.312
South Africa,ZAF,2025,Life expectancy,SP.DYN.LE00.IN,
South Africa,ZAF,1960,Population,SP.POP.TOTL,16440172.0
South Africa,ZAF,1961,Population,SP.POP.TOTL,16908035.0
South Africa,ZAF,1962,Population,SP.POP.TOTL,17418522.0
South Africa,ZAF,1963,Population,SP.POP.TOTL,17954564.0
South Africa,ZAF,1964,Population,SP.POP.TOTL,18511361.0
South Africa,ZAF,1965,Population,SP.POP.TOTL,19089380.0
South Africa,ZAF,1966,Population,SP.POP.TOTL,19690087.0
South Africa,ZAF,1967,Population,SP.POP.TOTL,20314066.0
South Africa,ZAF,1968,Population,SP.POP.TOTL,20957287.0
South Africa,ZAF,1969,Population,SP.POP.TOTL,21614676.0
South Africa,ZAF,1970,Population,SP.POP.TOTL,22279984.0
South Africa,ZAF,1971,Population,SP.POP.TOTL,22942143.0
South Africa,ZAF,1972,Population,SP.POP.TOTL,23609456.0
South Africa,ZAF,1973,Population,SP.POP.TOTL,24294263.0
South Africa,ZAF,1974,Population,SP.POP.TOTL,24989108.0
South Africa,ZAF,1975,Population,SP.POP.TOTL,25690940.0
South Africa,ZAF,1976,Population,SP.POP.TOTL,26395450.0
South Africa,ZAF,1977,Population,SP.POP.TOTL,27118952.0
South Africa,ZAF,1978,Population,SP.POP.TOTL,27869507.0
South Africa,ZAF,1979,Population,SP.POP.TOTL,28634162.0
South Africa,ZAF,1980,Population,SP.POP.TOTL,29518857.0
South Africa,ZAF,1981,Population,SP.POP.TOTL,30541044.0
South Africa,ZAF,1982,Population,SP.POP.TOTL,31615339.0
South Africa,ZAF,1983,Population,SP.POP.TOTL,32739304.0
South Africa,ZAF,1984,Population,SP.POP.TOTL,33892788.0
South Africa,ZAF,1985,Population,SP.POP.TOTL,35042093.0
South Africa,ZAF,1986,Population,SP.POP.TOTL,36180515.0
South Africa,ZAF,1987,Population,SP.POP.TOTL,37326190.0
South Africa,ZAF,1988,Population,SP.POP.TOTL,38480649.0
South Africa,ZAF,1989,Population,SP.POP.TOTL,39628575.0
South Africa,ZAF,1990,Population,SP.POP.TOTL,40746268.0
South Africa,ZAF,1991,Population,SP.POP.TOTL,41687898.0
South Africa,ZAF,1992,Population,SP.POP.TOTL,42443509.0
South Africa,ZAF,1993,Population,SP.POP.TOTL,43297156.0
South Africa,ZAF,1994,Population,SP.POP.TOTL,44004139.0
South Africa,ZAF,1995,Population,SP.POP.TOTL,44541554.0
South Africa,ZAF,1996,Population,SP.POP.TOTL,45123018.0
South Africa,ZAF,1997,Population,SP.POP.TOTL,45666838.0
South Africa,ZAF,1998,Population,SP.POP.TOTL,46223880.0
South Africa,ZAF,1999,Population,SP.POP.TOTL,46730335.0
South Africa,ZAF,2000,Population,SP.POP.TOTL,47159719.0
South Africa,ZAF,2001,Population,SP.POP.TOTL,47566800.0
South Africa,ZAF,2002,Population,SP.POP.TOTL,48019415.0
South Africa,ZAF,2003,Population,SP.POP.TOTL,48500348.0
South Africa,ZAF,2004,Population,SP.POP.TOTL,48991421.0
South Africa,ZAF,2005,Population,SP.POP.TOTL,49490033.0
South Africa,ZAF,2006,Population,SP.POP.TOTL,49998277.0
South Africa,ZAF,2007,Population,SP.POP.TOTL,50528584.0
South Africa,ZAF,2008,Population,SP.POP.TOTL,51114599.0
South Africa,ZAF,2009,Population,SP.POP.TOTL,51728516.0
South Africa,ZAF,2010,Population,SP.POP.TOTL,52344051.0
South Africa,ZAF,2011,Population,SP.POP.TOTL,52995205.0
South Africa,ZAF,2012,Population,SP.POP.TOTL,53782567.0
South Africa,ZAF,2013,Population,SP.POP.TOTL,54678791.0
South Africa,ZAF,2014,Population,SP.POP.TOTL,55594838.0
South Africa,ZAF,2015,Population,SP.POP.TOTL,56723537.0
South Africa,ZAF,2016,Population,SP.POP.TOTL,57259551.0
South Africa,ZAF,2017,Population,SP.POP.TOTL,57635162.0
South Africa,ZAF,2018,Population,SP.POP.TOTL,58613001.0
South Africa,ZAF,2019,Population,SP.POP.TOTL,59587885.0
South Africa,ZAF,2020,Population,SP.POP.TOTL,60562381.0
South Africa,ZAF,2021,Population,SP.POP.TOTL,61502603.0
South Africa,ZAF,2022,Population,SP.POP.TOTL,62378410.0
South Africa,ZAF,2023,Population,SP.POP.TOTL,63212384.0
South Africa,ZAF,2024,Population,SP.POP.TOTL,64007187.0
South Africa,ZAF,2025,Population,SP.POP.TOTL,64747319.0
South Africa,ZAF,1960,Unemployment,SL.UEM.TOTL.ZS,
South Africa,ZAF,1961,Unemployment,SL.UEM.TOTL.ZS,
South Africa,ZAF,1962,Unemployment,SL.UEM.TOTL.ZS,
South Africa,ZAF,1963,Unemployment,SL.UEM.TOTL.ZS,
South Africa,ZAF,1964,Unemployment,SL.UEM.TOTL.ZS,
South Africa,ZAF,1965,Unemployment,SL.UEM.TOTL.ZS,
South Africa,ZAF,1966,Unemployment,SL.UEM.TOTL.ZS,
South Africa,ZAF,1967,Unemployment,SL.UEM.TOTL.ZS,
South Africa,ZAF,1968,Unemployment,SL.UEM.TOTL.ZS,
South Africa,ZAF,1969,Unemployment,SL.UEM.TOTL.ZS,
South Africa,ZAF,1970,Unemployment,SL.UEM.TOTL.ZS,
South Africa,ZAF,1971,Unemployment,SL.UEM.TOTL.ZS,
South Africa,ZAF,1972,Unemployment,SL.UEM.TOTL.ZS,
South Africa,ZAF,1973,Unemployment,SL.UEM.TOTL.ZS,
South Africa,ZAF,1974,Unemployment,SL.UEM.TOTL.ZS,
South Africa,ZAF,1975,Unemployment,SL.UEM.TOTL.ZS,
South Africa,ZAF,1976,Unemployment,SL.UEM.TOTL.ZS,
South Africa,ZAF,1977,Unemployment,SL.UEM.TOTL.ZS,
South Africa,ZAF,1978,Unemployment,SL.UEM.TOTL.ZS,
South Africa,ZAF,1979,Unemployment,SL.UEM.TOTL.ZS,
South Africa,ZAF,1980,Unemployment,SL.UEM.TOTL.ZS,
South Africa,ZAF,1981,Unemployment,SL.UEM.TOTL.ZS,
South Africa,ZAF,1982,Unemployment,SL.UEM.TOTL.ZS,
South Africa,ZAF,1983,Unemployment,SL.UEM.TOTL.ZS,
South Africa,ZAF,1984,Unemployment,SL.UEM.TOTL.ZS,
South Africa,ZAF,1985,Unemployment,SL.UEM.TOTL.ZS,
South Africa,ZAF,1986,Unemployment,SL.UEM.TOTL.ZS,
South Africa,ZAF,1987,Unemployment,SL.UEM.TOTL.ZS,
South Africa,ZAF,1988,Unemployment,SL.UEM.TOTL.ZS,
South Africa,ZAF,1989,Unemployment,SL.UEM.TOTL.ZS,
South Africa,ZAF,1990,Unemployment,SL.UEM.TOTL.ZS,
South Africa,ZAF,1991,Unemployment,SL.UEM.TOTL.ZS,23.137
South Africa,ZAF,1992,Unemployment,SL.UEM.TOTL.ZS,23.463
South Africa,ZAF,1993,Unemployment,SL.UEM.TOTL.ZS,23.361
South Africa,ZAF,1994,Unemployment,SL.UEM.TOTL.ZS,23.067
South Africa,ZAF,1995,Unemployment,SL.UEM.TOTL.ZS,22.705
South Africa,ZAF,1996,Unemployment,SL.UEM.TOTL.ZS,22.5
South Africa,ZAF,1997,Unemployment,SL.UEM.TOTL.ZS,22.549
South Africa,ZAF,1998,Unemployment,SL.UEM.TOTL.ZS,22.739
South Africa,ZAF,1999,Unemployment,SL.UEM.TOTL.ZS,22.884
South Africa,ZAF,2000,Unemployment,SL.UEM.TOTL.ZS,22.788
South Africa,ZAF,2001,Unemployment,SL.UEM.TOTL.ZS,22.652
South Africa,ZAF,2002,Unemployment,SL.UEM.TOTL.ZS,22.579
South Africa,ZAF,2003,Unemployment,SL.UEM.TOTL.ZS,22.679
South Africa,ZAF,2004,Unemployment,SL.UEM.TOTL.ZS,22.567
South Africa,ZAF,2005,Unemployment,SL.UEM.TOTL.ZS,22.472
South Africa,ZAF,2006,Unemployment,SL.UEM.TOTL.ZS,22.304
South Africa,ZAF,2007,Unemployment,SL.UEM.TOTL.ZS,22.26
South Africa,ZAF,2008,Unemployment,SL.UEM.TOTL.ZS,22.407
South Africa,ZAF,2009,Unemployment,SL.UEM.TOTL.ZS,23.523
South Africa,ZAF,2010,Unemployment,SL.UEM.TOTL.ZS,24.683
South Africa,ZAF,2011,Unemployment,SL.UEM.TOTL.ZS,24.639
South Africa,ZAF,2012,Unemployment,SL.UEM.TOTL.ZS,24.727
South Africa,ZAF,2013,Unemployment,SL.UEM.TOTL.ZS,24.561
South Africa,ZAF,2014,Unemployment,SL.UEM.TOTL.ZS,24.89
South Africa,ZAF,2015,Unemployment,SL.UEM.TOTL.ZS,25.149
South Africa,ZAF,2016,Unemployment,SL.UEM.TOTL.ZS,26.536
South Africa,ZAF,2017,Unemployment,SL.UEM.TOTL.ZS,27.035
South Africa,ZAF,2018,Unemployment,SL.UEM.TOTL.ZS,26.906
South Africa,ZAF,2019,Unemployment,SL.UEM.TOTL.ZS,28.468
South Africa,ZAF,2020,Unemployment,SL.UEM.TOTL.ZS,29.217
South Africa,ZAF,2021,Unemployment,SL.UEM.TOTL.ZS,34.007
South Africa,ZAF,2022,Unemployment,SL.UEM.TOTL.ZS,33.268
South Africa,ZAF,2023,Unemployment,SL.UEM.TOTL.ZS,32.098
South Africa,ZAF,2024,Unemployment,SL.UEM.TOTL.ZS,32.279
South Africa,ZAF,2025,Unemployment,SL.UEM.TOTL.ZS,32.391
